target	UNIPROT	class	task	ddi_role	related_targets	ChEMBL	name	synonym	organism	human_ortholog
11-beta-HSD	-	group		substrate	11-beta-HSD|11-beta-HSD2	CHEMBL3542430	11-beta-hydroxysteroid dehydrogenase		Homo sapiens	
11-beta-HSD1	P28845	protein		substrate		CHEMBL4235	Corticosteroid 11-beta-dehydrogenase isozyme 1		Homo sapiens	-
11-beta-HSD2	P80365	protein		substrate		CHEMBL3746	Corticosteroid 11-beta-dehydrogenase isozyme 2		Homo sapiens	-
15-lipoxygenase	O15296	protein							Homo sapiens	
17-beta-HSD1	P14061	protein		substrate		CHEMBL3181	17-beta-hydroxysteroid dehydrogenase type 1		Homo sapiens	-
17-beta-HSD13	Q7Z5P4	protein		substrate			17-beta-hydroxysteroid dehydrogenase 13		Homo sapiens	-
17-beta-HSD2	P37059	protein		substrate		CHEMBL2789	17-beta-hydroxysteroid dehydrogenase type 2		Homo sapiens	-
17-beta-HSD3	P37058	protein		substrate		CHEMBL4234	Testosterone 17-beta-dehydrogenase 3		Homo sapiens	-
17-beta-HSD5	P42330	protein		substrate		CHEMBL4681	Aldo-keto reductase family 1 member C3	AKR1C3	Homo sapiens	-
17-beta-HSD7	P56937	protein		substrate		CHEMBL5999	3-keto-steroid reductase/17-beta-hydroxysteroid dehydrogenase 7		Homo sapiens	-
3-alpha-HSD1	P17516	protein		substrate		CHEMBL4999	Aldo-keto reductase family 1 member C4	AKR1C4	Homo sapiens	-
3-alpha-HSD3	P52895	protein		substrate		CHEMBL5847	Aldo-keto reductase family 1 member C2	AKR1C2	Homo sapiens	-
3-beta-HSD	-	group		substrate	3-beta-HSDI|3-beta-HSDII				Homo sapiens	
3-beta-HSD1	P14060	protein		substrate		CHEMBL1958	3 beta-hydroxysteroid dehydrogenase/Delta 5-->4-isomerase type 1	HSD3B1	Homo sapiens	-
5-alpha-reductase 1	P18405	protein		substrate		CHEMBL1787	3-oxo-5-alpha-steroid 4-dehydrogenase 1		Homo sapiens	-
5-alpha-reductase 2	P31213	protein		substrate		CHEMBL1856	3-oxo-5-alpha-steroid 4-dehydrogenase 2		Homo sapiens	-
5HHT	P31645	protein					Sodium-dependent serotonin transporter	SLC6A4|SERT	Homo sapiens	
5-lipoxygenase	P09917	protein							Homo sapiens	
5-LOX	-	synonym			5-lipoxygenase				Homo sapiens	
A0A6J0ATN8_VICPA	A0A6J0ATN8_VICPA	protein	get human ortholog				ATP-dependent translocase ABCB1		Vicugna pacos	ABCB1
a1-acid glycoprotein	-	error								
AADAC	P22760	protein		substrate		CHEMBL3509584	Arylacetamide deacetylase		Homo sapiens	-
ABCA1	O95477	protein		any		CHEMBL2362986	Phospholipid-transporting ATPase ABCA1		Homo sapiens	-
ABCA2	Q9BZC7	protein							Homo sapiens	
ABCA3	Q99758	protein		any			Phospholipid-transporting ATPase ABCA3		Homo sapiens	-
ABCB2	Q03518	protein				CHEMBL4523275	Antigen peptide transporter 1	TAP1	Homo sapiens	
ABCB15	-	error								
ABCC12	Q96J65	protein		any			ATP-binding cassette sub-family C member 12		Homo sapiens	-
Abcc2	Q8VI47	protein		any		CHEMBL2073681	ATP-binding cassette sub-family C member 2		Mus musculus	ABCC2
Abcc3	O88563	protein		any		CHEMBL2073682	ATP-binding cassette sub-family C member 3		Rattus norvegicus	ABCC3
ABCF2	Q9UG63	protein		any		CHEMBL5393	ATP-binding cassette sub-family F member 2		Homo sapiens	
ABCG1	P45844	protein		any			ATP-binding cassette sub-family G member 1		Homo sapiens	-
ABCG1 	P45844	protein							Homo sapiens	
ABCG5	Q9H222	protein		any			ATP-binding cassette sub-family G member 5		Homo sapiens	-
ABCG5/8	-	group		any	ABCG5|ABCG8				Homo sapiens	
ABCG8	Q9H221	protein		any			ATP-binding cassette sub-family G member 8		Homo sapiens	-
AC1	Q13510	protein		substrate		CHEMBL5463	Acid ceramidase		Homo sapiens	-
AC1/2	-	group		substrate	AC1|AC2				Homo sapiens	
AC2	Q9NR71	protein		substrate		CHEMBL2021754	Neutral ceramidase		Homo sapiens	-
ACAT	-	group		substrate	ACAT1|ACAT2				Homo sapiens	
ACE	P12821	protein		no		CHEMBL1808	Angiotensin-converting enzyme		Homo sapiens	-
acetyl-CoA carboxylase	-	group			Acetyl-CoA carboxylase 1|Acetyl-CoA carboxylase 2	CHEMBL3885507			Homo sapiens	
ACHE	P22303	protein		substrate		CHEMBL220	Acetylcholinesterase		Homo sapiens	-
AChR	-	group		no						
ACLY	P53396	protein		substrate		CHEMBL3720	ATP-citrate synthase		Homo sapiens	-
AcrB	-	error								
Adenosine receptor A2	P29274	protein							Homo sapiens	-
Adenosine transporter		group							Homo sapiens	-
Adenosine transporter (guinea pig)	-	error								
adenylate cyclase	-	group		substrate	Adenylate cyclase type 1|Adenylate cyclase type 4|Adenylate cyclase type 9|Adenylate cyclase type 8|Adenylate cyclase type 3|Adenylate cyclase type 5|Adenylate cyclase type 6|Adenylate cyclase type 2|Adenylate cyclase type 7	CHEMBL2097167	Adenylate cyclase		Homo sapiens	
ADH1	-	group			ADH1C|ADH1B|ADH1A	CHEMBL2363044	Alcohol dehydrogenase class I		Homo sapiens	
ADH2	P00325	protein							Homo sapiens	
ADH3	P00326	protein							Homo sapiens	
ADH4	P08319	protein							Homo sapiens	
ADORA1	P30542	protein		no		CHEMBL226	Adenosine receptor A1		Homo sapiens	-
ADORA3	P0DMS8	protein		no		CHEMBL256	Adenosine receptor A3		Homo sapiens	-
AGAT	P50440	protein		no			Glycine amidinotransferase, mitochondrial		Homo sapiens	-
AGC1	-	error								
AGC2	SLC25A13	protein					Calcium-binding mitochondrial carrier protein Aralar2	SLC25A13|citrin	Homo sapiens	
AGT-1	P21549	protein		no			Serine--pyruvate aminotransferase		Homo sapiens	-
AHR	P35869	protein		any		CHEMBL3201	Aryl hydrocarbon receptor		Homo sapiens	-
AKR1A1	P14550	protein							Homo sapiens	
AKR1B1	P15121	protein		any		CHEMBL1900	Aldo-keto reductase family 1 member B1		Homo sapiens	-
AKR1B10	O60218	protein		any		CHEMBL5983	Aldo-keto reductase family 1 member B10		Homo sapiens	-
AKR1C1	Q04828	protein		substrate		CHEMBL5905	Aldo-keto reductase family 1 member C1		Homo sapiens	-
AKR1C3	P42330	protein					Aldo-keto reductase family 1 member C3		Homo sapiens	-
AKR1C4 	P17516	protein							Homo sapiens	
AKR1D1	P51857	protein							Homo sapiens	
AKR7A2	O43488	protein							Homo sapiens	
AKR7A3	O95154	protein							Homo sapiens	
AKT1	P31749	protein							Homo sapiens	
albumin	P02768	protein		no		CHEMBL3253	Albumin		Homo sapiens	-
alcohol dehydrogenase	-	group		any	Alcohol dehydrogenase 1A|All-trans-retinol dehydrogenase [NAD(+)] ADH1B|All-trans-retinol dehydrogenase [NAD(+)] ADH4|Alcohol dehydrogenase 1C|All-trans-retinol dehydrogenase [NAD(+)] ADH7|Alcohol dehydrogenase class-3|Alcohol dehydrogenase 6	CHEMBL2096668	Alcohol dehydrogenase		Homo sapiens	
aldehyde dehydrogenase		synonym			ALDH1				Homo sapiens	
aldehyde oxidase	Q06278	synonym		any	AOX1	CHEMBL3257	Aldehyde oxidase			
ALDH	-	synonym		any	ALDH1	CHEMBL5923	aldehyde dehydrogenase		Homo sapiens	
ALDH1	P00352	protein		any		CHEMBL3577	Retinal dehydrogenase 1		Homo sapiens	-
ALDH1A3	P47895	protein							Homo sapiens	
ALDH2	P05091	protein		any		CHEMBL1935	Aldehyde dehydrogenase, mitochondrial		Homo sapiens	-
ALDH3	P30838	protein		any		CHEMBL3578	Aldehyde dehydrogenase, dimeric NADP-preferring		Homo sapiens	-
Aldoketoreductase	-	error								
alkaline phosphatase	-	group		any	ALPI|ALPL|ALPP		alkaline phosphatase		Homo sapiens	
alpha 1-adrenergic receptor	-	group		no						
alpha adrenoceptors	-	group		no						
alpha-adrenergic receptor	-	group		no						
alpha-adrenergic receptors	-	group		no						
alpha-adrenoceptor	-	group		no						
AMPA	-	group		no			α-amino-3-hydroxy-5-methyl-4-isoxazole propionic acid (glutamate receptor)		Homo sapiens	
AMPK	Q9Y478	protein		no		CHEMBL3847	5'-AMP-activated protein kinase subunit beta-1		Homo sapiens	-
androgen receptor	P10275	protein		no		CHEMBL1871	Androgen receptor		Homo sapiens	-
AOX1	Q06278	protein		no		CHEMBL3257	Aldehyde oxidase		Homo sapiens	-
APP	P05067	protein		no		CHEMBL2487	Amyloid-beta precursor protein		Homo sapiens	-
ARNT	P27540	protein							Homo sapiens	
arylesterase	-	group		any	PON1|PON2		Serum paraoxonase/arylesterase		Homo sapiens	
arylsulfatase	-	group		any					Homo sapiens	
ASBT	Q12908	protein		any		CHEMBL2778	Ileal sodium/bile acid cotransporter	SLC10A2	Homo sapiens	-
ASCT1	P43007	protein		any		CHEMBL2315	Neutral amino acid transporter A		Homo sapiens	-
ASCT2	Q15758	protein		any		CHEMBL3562162	Neutral amino acid transporter B(0)		Homo sapiens	-
ASIC	-	group		no						
ASIC1a	P78348	protein							Homo sapiens	
ASIC2a	Q16515	protein					Acid-sensing ion channel 2		Homo sapiens	
ASNS	P08243	protein		substrate		CHEMBL3120	Asparagine synthetase [glutamine-hydrolyzing]		Homo sapiens	-
Aspartoacylase	P45381	protein		substrate			Aspartoacylase		Homo sapiens	-
ASS1	P00966	protein		no			Argininosuccinate synthase		Homo sapiens	-
ATG4A	Q8WYN0	protein		no			Cysteine protease ATG4A		Homo sapiens	-
ATG4B	Q9Y4P1	protein		no		CHEMBL1741221	Cysteine protease ATG4B		Homo sapiens	-
ATP6V1C1	P21283	protein		no			V-type proton ATPase subunit C 1		Homo sapiens	-
ATP7A	Q04656	protein							Homo sapiens	
ATP7B	P35670	protein							Homo sapiens	
BACE-1	P56817	protein							Homo sapiens	
BChE	P06276	protein		substrate		CHEMBL1914	Cholinesterase	BCHE	Homo sapiens	-
BCRP	Q9UNQ0	protein		any		CHEMBL5393	Broad substrate specificity ATP-binding cassette transporter ABCG2	ABCG2|ABCG2/BCRP|MXR|hBCRP	Homo sapiens	-
beta 2-adrenoceptors	-	group		no						
beta-adrenergic receptor	-	group		no						
beta-adrenoceptors	-	group		no						
Beta-glucuronidase	B2R6X2	protein		substrate			Beta-glucuronidase		Homo sapiens	-
beta-oxidation enzymes	-	group		no						
BGT1	P48065	protein		any		CHEMBL3715	Sodium- and chloride-dependent betaine transporter		Homo sapiens	-
BK channel	-	group		any	KCNMA1|KCNMB1|KCNMB2|KCNMB3|KCNMB4		Calcium-activated potassium channel		Homo sapiens	
BM3	P14779	protein		no	Cyp102A1		Bifunctional cytochrome P450/NADPH--P450 reductase		Bacillus megaterium (strain ATCC 14581 / DSM 32 / JCM 2506 / NBRC 15308 / NCIMB 9376 / NCTC 10342 / NRRL B-14308 / VKM B-512)	
BNPI	Q9P2U7	protein							Homo sapiens	
bOatp1a2	Q95KY9	protein	get human ortholog						Bos taurus	SLCO1A2
BSEP	O95342	protein		any		CHEMBL6020	Bile salt export pump	hBSEP	Homo sapiens	-
Ca2+ activated K+ channel	-	group		any					Homo sapiens	
Ca2+ channel protein 4	-	error								
Ca2+ channels	-	group		any					Homo sapiens	
CaBP	-	group		no						
CaMKII		group					Calcium/calmodulin-dependent protein kinase II		Homo sapiens	
Canine MDCK cells	-	error					Madin-Darby Canine Kidney (MDCK) cells			
CAR	-	error								
carbonyl reductase	-	group		substrate	CBR1|CBR3|CBR4		carbonyl reductase		Homo sapiens	
carboxylesterase	-	group		any					Homo sapiens	
caspase-3	P42574	protein		no		CHEMBL2334	Caspase-3		Homo sapiens	-
Cathepsin A	P10619	protein					Lysosomal protective protein	Cat A	Homo sapiens	
CaV channel	-	group		any		CHEMBL2363032	Voltage-gated calcium channel		Homo sapiens	
CAV1	Q03135	protein					Caveolin-1	CAV1|CAV	Homo sapiens	
Cav1.2	Q13936	protein		any		CHEMBL1940	Voltage-dependent L-type calcium channel subunit alpha-1C	hCav1.2|hCAV1.2	Homo sapiens	-
Cav2.2	Q00975	protein							Homo sapiens	
Cav2.3	Q15878	protein							Homo sapiens	
Cav3.1	O43497	protein		any		CHEMBL4641	Voltage-dependent T-type calcium channel subunit alpha-1G		Homo sapiens	-
Cav3.2	O95180	protein		any		CHEMBL1859	Voltage-dependent T-type calcium channel subunit alpha-1H		Homo sapiens	-
Cav3.3	Q9P0X4	protein		any		CHEMBL5558	Voltage-dependent T-type calcium channel subunit alpha-1I		Homo sapiens	-
CB1	P21554	protein							Homo sapiens	
CBG	P08185	protein		no		CHEMBL2421	Corticosteroid-binding globulin		Homo sapiens	-
CBR1	P16152	protein		no		CHEMBL5586	Carbonyl reductase [NADPH] 1	CBR	Homo sapiens	-
CBR3	O75828	protein		no		CHEMBL6008	Carbonyl reductase [NADPH] 3		Homo sapiens	-
CBR4	Q8N4T8	protein							Homo sapiens	
CCR2	P41597	protein		no		CHEMBL4015	C-C chemokine receptor type 2		Homo sapiens	-
CDK4	P11802	protein		no		CHEMBL331	Cyclin-dependent kinase 4		Homo sapiens	-
CDPK	-	group					Calcium-dependent protein kinase		Homo sapiens	
celebron	Q96SW2	protein							Homo sapiens	
CES	-	synonym		substrate	Carboxylesterase					
CES1	P23141	protein		any		CHEMBL2265	Liver carboxylesterase 1	hCE1|HCE2|hepatic carboxylesterase|Liver carboxylesterase 1|CES1A1|CES-1	Homo sapiens	-
CES2	O00748	protein		any		CHEMBL3180	Cocaine esterase		Homo sapiens	-
CES3	Q6UWW8	protein		any			Carboxylesterase 3		Homo sapiens	-
CFTR	P13569	protein							Homo sapiens	
ChAT	P28329	protein		substrate		CHEMBL4039	Choline O-acetyltransferase		Homo sapiens	-
CHDH	Q8NE62	protein		substrate			Choline dehydrogenase, mitochondrial		Homo sapiens	-
CHE1	P06276	protein							Homo sapiens	
Chk1	-	error					Serine/threonine-protein kinase Chk1			
CHKA	P35790	protein		no		CHEMBL3117	Choline kinase alpha		Homo sapiens	-
CHKB	Q9Y259	protein		no		CHEMBL3112385	Choline/ethanolamine kinase		Homo sapiens	-
cholinesterase	-	group		substrate	ACHE|BCHE	CHEMBL2095233	Cholinesterases		Homo sapiens	
CHT1	Q9GZV3	protein		substrate		CHEMBL4507	High affinity choline transporter 1		Homo sapiens	-
CHT1 	-	error								
CIC-2	P51788	protein							Homo sapiens	
CIO		error								
Cl- channel		synonym			Cl- channels					
Cl- channels	-	group		no					Homo sapiens	
Cl(-)-sensitive Ca(2+)-permeable cation channels	-	group		any					Homo sapiens	
CNT	-	group							Homo sapiens	
CNT1	O00337	protein		any		CHEMBL5551	Sodium/nucleoside cotransporter 1	hCNT1	Homo sapiens	-
CNT2	O43868	protein		any		CHEMBL5780	Sodium/nucleoside cotransporter 2	hCNT2	Homo sapiens	-
CNT3	Q9HAS3	protein		any		CHEMBL5707	Solute carrier family 28 member 3	hCNT3	Homo sapiens	-
colon bacteria	-	error								
COMT	P21964	protein		substrate		CHEMBL2023	Catechol O-methyltransferase		Homo sapiens	-
COMT ?	P21964	error							Homo sapiens	
COT1	P32798	protein		no			Cobalt uptake protein COT1		Saccharomyces cerevisiae	
COX	-	group		substrate	COX-1|COX-2	CHEMBL2094253	Prostaglandin G/H synthase 1/2		Homo sapiens	
COX1	P23219	protein		substrate		CHEMBL221	Prostaglandin G/H synthase 1	COX-1	Homo sapiens	-
COX2	P00403	protein		substrate		CHEMBL6174	Cytochrome c oxidase subunit 2	COX-2	Homo sapiens	-
CPT-1	P50416	protein							Homo sapiens	
CPY2C8	P10632	protein							Homo sapiens	
creatine kinase	P12277	protein		no		CHEMBL6049	Creatine kinase B-type		Homo sapiens	-
CT1	Q16619	protein					Cardiotrophin 1		Homo sapiens	
CTL1	Q8WWI5	protein		any			Choline transporter-like protein 1		Homo sapiens	-
CTL2	Q8IWA5	protein		any			Choline transporter-like protein 2		Homo sapiens	-
CTL3	Q8N4M1	protein		any			Choline transporter-like protein 3		Homo sapiens	-
CTL4	Q53GD3	protein		any		CHEMBL3713014	Choline transporter-like protein 4		Homo sapiens	-
CTL5	Q8NCS7	protein							Homo sapiens	
CTR1	O15431	protein							Homo sapiens	
CTR2	O15432	protein							Homo sapiens	
CTSL2	O60911	protein		substrate		CHEMBL3272	Cathepsin L2		Homo sapiens	-
CTSS	P25774	protein		substrate		CHEMBL2954	Cathepsin S		Homo sapiens	-
CY2C19	P33261	protein							Homo sapiens	
CY2D6	P10635	protein							Homo sapiens	
CY2P2B6	P20813	protein							Homo sapiens	
cyclin D1	P24385	protein		no		CHEMBL3610	G1/S-specific cyclin-D1		Homo sapiens	-
cyclooxygenase	-	synonym		substrate	COX					
cyclooxygenase enzyme	-	group			PTGS2|PTGS1	CHEMBL2094253	Cyclooxygenase		Homo sapiens	
CYP	-	group		any	-	CHEMBL4523986	Cytochrome P450	CYP 450|CYP|CYP450|CYP-450|CYPs (HLM)	Homo sapiens	
CYP 450	-	group					Cytochrome P450s		Homo sapiens	
CYP106A2	Q06069	protein		no					Bacillus megaterium	
CYP119	-	error								
CYP11A1	P05108	protein		any		CHEMBL2033	Cholesterol side-chain cleavage enzyme, mitochondrial		Homo sapiens	-
CYP11B1	P15538	protein		any		CHEMBL1908	Cytochrome P450 11B1, mitochondrial		Homo sapiens	-
CYP11B2	P19099	protein		any		CHEMBL2722	Cytochrome P450 11B2, mitochondrial		Homo sapiens	-
CYP17 	P05093	protein							Homo sapiens	
CYP17A1	P05093	protein		any		CHEMBL3522	Steroid 17-alpha-hydroxylase/17,20 lyase	CYP17	Homo sapiens	-
CYP19A	P11511	protein							Homo sapiens	
CYP19A1	P11511	protein		any		CHEMBL1978	Aromatase	CYP19	Homo sapiens	-
CYP1A	-	group		any	CYP1A1|CYP1A2	CHEMBL3544905	Cytochrome P450 1A		Homo sapiens	
CYP1A1	P04798	protein		any		CHEMBL2231	Cytochrome P450 1A1		Homo sapiens	-
CYP1A2	P05177	protein		any		CHEMBL3356	Cytochrome P450 1A2		Homo sapiens	-
CYP1A4	-	error								
CYP1B1	Q16678	protein		any		CHEMBL4878	Cytochrome P450 1B1		Homo sapiens	-
CYP206	P10635	protein							Homo sapiens	
CYP219	P33261	protein							Homo sapiens	
CYP21A2	P08686	protein		any		CHEMBL2759	Steroid 21-hydroxylase	CYP21	Homo sapiens	-
CYP24A1	Q07973	protein		any		CHEMBL4521	1,25-dihydroxyvitamin D(3) 24-hydroxylase, mitochondrial	CYP24A|CYP24	Homo sapiens	-
CYP26	O43174	protein		any		CHEMBL5141	Cytochrome P450 26A1		Homo sapiens	-
CYP26A1	O43174	protein							Homo sapiens	
CYP27A1	Q02318	protein		any		CHEMBL5992	Sterol 26-hydroxylase, mitochondrial		Homo sapiens	-
CYP27B1	O15528	protein		any		CHEMBL5993	25-hydroxyvitamin D-1 alpha hydroxylase, mitochondrial		Homo sapiens	-
CYP2A	-	group		any	CYP2A6|CYP2A7|CYP2A13		Cytochrome P450 2A		Homo sapiens	
CYP2A1	P11711	protein		any		CHEMBL3509602	Cytochrome P450 2A1	rCYP2A1	Rattus norvegicus	CYP2A13|CYP2A6|CYP2A7
CYP2A13	Q16696	protein		any		CHEMBL3542436	Cytochrome P450 2A13		Homo sapiens	-
CYP2A19	-	error							Sus scrofa	
CYP2A2	P15149	protein		any		CHEMBL3705	Cytochrome P450 2A2		Rattus norvegicus	CYP2A13|CYP2A6|CYP2A7
CYP2A4	P15392	protein		any			Cytochrome P450 2A4		Mus musculus	CYP2A13|CYP2A6|CYP2A7
CYP2A6	P11509	protein		any		CHEMBL5282	Cytochrome P450 2A6		Homo sapiens	-
CYP2A7	P20853	protein		any			Cytochrome P450 2A7		Homo sapiens	-
CYP2B	-	group							Homo sapiens	
CYP2B1	P00176	protein	get human ortholog						Rattus norvegicus	-
CYP2B1/2	-	group	get human ortholog	any	CYP2B1|CYP2B2		Cytochrome P450 2B1/2	CYP2B1/B2	Rattus norvegicus	-
CYP2B1/B2	-	group	get human ortholog		Cyp2b1|Cyp2b2		Cytochrome P450 2B1/B2		Rattus norvegicus	-
CYP2B4	P00178	protein	get human ortholog	any		CHEMBL1743542	Cytochrome P450 2B4		Oryctolagus cuniculus	-
CYP2B6	P20813	protein		any		CHEMBL4729	Cytochrome P450 2B6	CYP2B	Homo sapiens	-
CYP2B9	P12790	protein		any			Cytochrome P450 2B9		Mus musculus	CYP2B6
CYP2B/3A	-	group		any	CYP2B|CYP3A		Cytochrome P450 2B/3A	CYP2B/CYP3A	Homo sapiens	-
CYP2C	-	group		any	CYP2C18|CYP2C19|CYP2C8|CYP2C9		Cytochrome P450 2C		Homo sapiens	
CYP2C18	P33260	protein		any		CHEMBL2408	Cytochrome P450 2C18		Homo sapiens	-
CYP2C19	P33261	protein		any		CHEMBL3622	Cytochrome P450 2C19		Homo sapiens	-
CYP2C23	P24470	protein		any		CHEMBL2772	Cytochrome P450 2C23		Rattus norvegicus	-
CYP2C6	P05178	protein		any		CHEMBL1907986	Cytochrome P450 2C6	rCYP2C6	Rattus norvegicus	CYP2C19
CYP2C8	P10632	protein		any		CHEMBL3721	Cytochrome P450 2C8		Homo sapiens	-
CYP2C8 	P10632	protein							Homo sapiens	
CYP2C8/9	-	group		any	CYP2C8|CYP2C9		Cytochrome P450 2C8/9	CYP2C8/9/10|CYP2C9/8	Homo sapiens	
CYP2C9	P11712	protein		any		CHEMBL3397	Cytochrome P450 2C9	CYP2C10|CYP2C9/10	Homo sapiens	-
CYP2C9 (Arg)		synonym			CYP2C9-Arg				Homo sapiens	
CYP2C9 (Cys)	P11712	variant							Homo sapiens	
CYP2C9 	P11712	protein							Homo sapiens	
CYP2C9*1	P11712	variant							Homo sapiens	
CYP2C9*2	P11712	variant							Homo sapiens	
CYP2C9*3	P11712	variant							Homo sapiens	
CYP2C9/1	P11712	variant							Homo sapiens	
CYP2C9/19	-	group		any	CYP2C9|CYP2C19		Cytochrome P450 2C8/19		Homo sapiens	
CYP2C9/8	P11712	variant							Homo sapiens	
CYP2C9/microsomal epoxide hydrolase	-	complex							Homo sapiens	
CYP2C9-Arg	P11712	variant							Homo sapiens	
CYP2C9-Cys	P11712	variant							Homo sapiens	
CYP2D	-	group							Homo sapiens	
CYP2D1	P10633	protein	get human ortholog						Rattus norvegicus	-
CYP2D10	P24456	protein		any			Cytochrome P450 2D10		Mus musculus	CYP2D6
CYP2D18	Q64680	protein		any			Cytochrome P450 2D4		Rattus norvegicus	CYP2D6|CYP2D7
CYP2D25	O46658	protein		any			Vitamin D(3) 25-hydroxylase		Sus scrofa	CYP2D6
CYP2D4	Q64680	protein				CHEMBL4982	Cytochrome P450 2D4	Cyp2d4|Cyp2d-18|Cyp2d-4|Cyp2d18	Rattus norvegicus	-
CYP2D5	P12939	protein		any			Cytochrome P450 2D10		Rattus norvegicus	CYP2D6
CYP2D6	P10635	protein		any		CHEMBL289	Cytochrome P450 2D6	CYP2D	Homo sapiens	-
CYP2D6 	P10635	protein							Homo sapiens	
CYP2D6*1	P10635	variant		any		CHEMBL289	Cytochrome P450 2D6		Homo sapiens	-
CYP2D6*10	P10635	variant							Homo sapiens	
CYP2D6/1	P10635	variant							Homo sapiens	
CYP2D6-Met	P10635	variant							Homo sapiens	
CYP2D6-Val	P10635	variant							Homo sapiens	
CYP2D7	A0A087X1C5	protein							Homo sapiens	
CYP2E	P05181	protein							Homo sapiens	
CYP2E1	P05181	protein		any		CHEMBL5281	Cytochrome P450 2E1	CYP2E	Homo sapiens	-
CYP2E11	-	error								
CYP2E2	-	error							Felis catus	
CYP2F1	P24903	protein		any			Cytochrome P450 2F1	CYP2F	Homo sapiens	-
CYP2G1	P10610	protein		any			Cytochrome P450 2G1		Rattus norvegicus	CYP2G1P
CYP2J2	P51589	protein		any		CHEMBL3491	Cytochrome P450 2J2		Homo sapiens	-
CYP2J3	P51590	protein		any			Cytochrome P450 2J3		Rattus norvegicus	CYP2J2
CYP2R1	Q6VVX0	protein		any			Vitamin D 25-hydroxylase		Homo sapiens	-
CYP2S1	Q96SQ9	protein							Homo sapiens	
CYP2W1	Q8TAV3	protein		any		CHEMBL2406897	Cytochrome P450 2W1		Homo sapiens	-
CYP2У1	Q7Z449	protein							Homo sapiens	
CYP31	-	error								
CYP34/35	-	error								
CYP35D1	-	error								
CYP3A	-	group		any	CYP3A4|CYP3A5|CYP3A7|CYP3A43	CHEMBL2364675	Cytochrome P450 3A		Homo sapiens	
CYP3A/5	-	synonym			CYP3A5				Homo sapiens	
CYP3A1/2	-	group	get human ortholog	any	rCYP3A1|rCYP3A2		Cytochrome P450 3A1/2	rCYP3A1/2	Rattus norvegicus	-
CYP3A4	P08684	protein		any		CHEMBL340	Cytochrome P450 3A4	CYP3A3|CYP 3A4|CYP3A3/4	Homo sapiens	-
CYP3A4 	P08684	protein							Homo sapiens	
CYP3A4/5	-	group		any	CYP3A4|CYP3A5	CHEMBL2111472	Cytochrome P450 3A4/5		Homo sapiens	
CYP3A4J5	-	error								
CYP3A5	P20815	protein		any		CHEMBL3019	Cytochrome P450 3A5		Homo sapiens	-
CYP3A6	P11707	protein				CHEMBL1743541	Cytochrome P450 3A6		Oryctolagus cuniculus	-
CYP3A7	P24462	protein		any		CHEMBL3341582	Cytochrome P450 3A7		Homo sapiens	-
CYP3A9	P51538	protein		any		CHEMBL3430866	Cytochrome P450 3A9		Rattus norvegicus	CYP3A7|CYP3A4|CYP3A5
CYP4	-	group							Homo sapiens	
CYP43A4	-	error							Homo sapiens	
CYP450	-	group					Cytochrome P450s		Homo sapiens	
CYP-450	-	group							Homo sapiens	
CYP450 MO	-	group							Homo sapiens	
CYP46A1	Q9Y6A2	protein		any			Cholesterol 24-hydroxylase		Homo sapiens	-
CYP4A	-	group		any	CYP4A11|CYP4A22		Cytochrome P450 3A4/5		Homo sapiens	
CYP4A1	P08516	protein		any			Cytochrome P450 4A10		Rattus norvegicus	CYP4A11|CYP4A22
CYP4A1/2	-	synonym			rCYP4A1/2				Rattus norvegicus	
CYP4A11	Q02928	protein		any		CHEMBL3978	Cytochrome P450 4A11	CYP4A2|CYP4A/11	Homo sapiens	-
CYP4A11|rCYP4A2	Q02928 | P20816	error							Homo sapiens | Rattus norvegicus	
CYP4A12	P24464	protein		any			Cytochrome P450 4A12		Rattus norvegicus	CYP4A11|CYP4A22
CYP4A4	P10611	protein	get human ortholog	any					Oryctolagus cuniculus	-
CYP4A6	P14580	protein	get human ortholog	any			Cytochrome P450 4A6		Oryctolagus cuniculus	-
CYP4A9/11	Q02928	protein							Homo sapiens	
CYP4B1	P13584	protein		any			Cytochrome P450 4B1		Homo sapiens	-
CYP4F11	Q9HBI6	protein		any		CHEMBL4295949	Cytochrome P450 4F11		Homo sapiens	-
CYP4F12	Q9HCS2	protein		any		CHEMBL3509589	Cytochrome P450 4F12		Homo sapiens	-
CYP4F19	-	error								
CYP4F2	P78329	protein		any		CHEMBL3379	Cytochrome P450 4F2		Homo sapiens	-
CYP4F3	Q08477	protein		any		CHEMBL3508692	Cytochrome P450 4F3		Homo sapiens	-
CYP4F3A	Q08477	isoform		any		CHEMBL3508692	Cytochrome P450 4F3		Homo sapiens	-
CYP4F3B	Q08477	isoform		any		CHEMBL3508692	Cytochrome P450 4F3		Homo sapiens	-
CYP5013C2	-	error								
CYP51	Q16850	protein							Homo sapiens	
CYP51A1	Q16850	protein		any		CHEMBL3849	Lanosterol 14-alpha demethylase	CYP51	Homo sapiens	-
CYP53A15	-	error								
CYP7A1	P22680	protein		any		CHEMBL1851	Cytochrome P450 7A1	cholesterol 7α-hydroxylase|CYP7	Homo sapiens	-
CYP7B1	O75881	protein		any			Cytochrome P450 7B1		Homo sapiens	-
CYP8A1	Q16647	protein							Homo sapiens	
CYPC19	-	error			CYPC219				Homo sapiens	
CYPC219	P33261	protein							Homo sapiens	
CYPD26	P10635	protein							Homo sapiens	
CYPD6	-	error								
CYPIA2	P05177	protein							Homo sapiens	
CYPs (HLM)	-	error								
cytidine deaminase	P32320	protein		no		CHEMBL4502	Cytidine deaminase	CDA	Homo sapiens	-
cytosolic amidase	Q96IV0	protein		any			Peptide-N(4)-(N-acetyl-beta-glucosaminyl)asparagine amidase		Homo sapiens	-
Cytosolic human liver enzymes (non-CYP450)	-	group		any					Homo sapiens	
CYYP450	-	error								
D1 receptor	P21728	protein		no		CHEMBL2056	D(1A) dopamine receptor		Homo sapiens	-
D2 receptor	P14416	protein		no		CHEMBL217	D(2) dopamine receptor		Homo sapiens	-
D3 receptor	P35462	protein		no		CHEMBL234	D(3) dopamine receptor		Homo sapiens	-
DAO	P14920	protein		substrate		CHEMBL5485	D-amino-acid oxidase		Homo sapiens	-
DAT	Q01959	protein		substrate		CHEMBL238	Sodium-dependent dopamine transporter	Dopamine transporter	Homo sapiens	-
DBH	P09172	protein							Homo sapiens	
DCK	P27707	protein		no		CHEMBL2447	Deoxycytidine kinase	deoxycytidine kinase	Homo sapiens	-
dehydropeptidase-I	P16444	protein		substrate		CHEMBL1989	Dipeptidase 1		Homo sapiens	-
DHFR	P00374	protein		no		CHEMBL202	Dihydrofolate reductase		Homo sapiens	-
DHPR	P09417	protein		substrate		CHEMBL3730	Dihydropteridine reductase		Homo sapiens	-
dihydropyrimidine dehydrogenase	Q12882	protein							Homo sapiens	
DNA polymerase alpha	P09884	protein		no		CHEMBL1828	DNA polymerase alpha catalytic subunit		Homo sapiens	-
DNA topoisomerase II	P11388	protein		no		CHEMBL1806	DNA topoisomerase 2-alpha	Topoisomerase II	Homo sapiens	-
DOR	Q8IXH6	protein		no			Tumor protein p53-inducible nuclear protein 2		Homo sapiens	-
DPD	O89000	protein		substrate			Dihydropyrimidine dehydrogenase [NADP(+)]		Rattus norvegicus	DPYD
DPP4	P27487	protein		substrate		CHEMBL284	Dipeptidyl peptidase 4		Homo sapiens	-
DPP8	Q6V1X1	protein		substrate		CHEMBL4657	Dipeptidyl peptidase 8		Homo sapiens	-
DPP9	Q86TI2	protein		substrate		CHEMBL4793	Dipeptidyl peptidase 9		Homo sapiens	-
EAAC1	P43005	protein		substrate		CHEMBL2721	Excitatory amino acid transporter 3	EAAT3	Homo sapiens	-
EAAT	-	group		any	EAAT1|EAAT2|EAAT3|EAAT4|EAAT5		Excitatory amino acid transporter 1/2/3/4/5		Homo sapiens	
EAAT1	P43003	protein		no		CHEMBL3085	Excitatory amino acid transporter 1		Homo sapiens	-
EAAT2	P43004	protein		no		CHEMBL4973	Excitatory amino acid transporter 2		Homo sapiens	-
EAAT4	P48664	protein		substrate			Excitatory amino acid transporter 4		Homo sapiens	-
EAAT5	O00341	protein		substrate			Excitatory amino acid transporter 5		Homo sapiens	-
EBP	Q15125	protein		substrate		CHEMBL4931	3-beta-hydroxysteroid-Delta(8),Delta(7)-isomerase		Homo sapiens	-
ECOD	O23976	protein		no			7-Ethoxycoumarin-O-deethylase	CYP76B1	Helianthus tuberosus (Jerusalem artichoke) (Helianthus tomentosus)	
ENaC	-	group		any	ENaCA|ENaCB|ENaCG|ENaCD		Amiloride-sensitive sodium channel A/B/G/D		Homo sapiens	
ENaC 	-	error					Epithelial sodium channel			
endothelin	-	group		no						
Enpp2	-	error								
ENT	-	group		no						
ENT1	Q99808	protein		no		CHEMBL1997	Equilibrative nucleoside transporter 1	hENT1	Homo sapiens	-
ENT2	Q14542	protein		no		CHEMBL3509606	Equilibrative nucleoside transporter 2	hENT2	Homo sapiens	-
ENT3	Q9BZD2	protein		any			Equilibrative nucleoside transporter 3		Homo sapiens	-
EPHX1	P07099	protein							Homo sapiens	
epoxide hydrolase	-	group		substrate	EPHX1|EPHX2|EPHX3|EPHX4		Epoxide hydrolase		Homo sapiens	
esterase	-	group		substrate					Homo sapiens	
ETA	P25101	protein		no		CHEMBL252	Endothelin-1 receptor		Homo sapiens	-
excitatory cholinoreceptors	-	group		no						
EXP-2	P55060	protein		substrate			Exportin-2		Homo sapiens	-
FATP2	O14975	protein		substrate		CHEMBL4326	Very long-chain acyl-CoA synthetase	ACSVL1	Homo sapiens	-
fatty acid amide hydrolase	-	group			Fatty-acid amide hydrolase 1|Fatty-acid amide hydrolase 2		fatty acid amide hydrolase		Homo sapiens	
FGF2	P09038	protein		no		CHEMBL3107	Fibroblast growth factor 2		Homo sapiens	-
FMO	-	group		any	FMO1|FMO2|FMO3|FMO4|FMO5		flavin-containing monooxygenase1/2/3/4/5		Homo sapiens	
FMO1	Q01740	protein		any		CHEMBL3430872	Dimethylaniline monooxygenase [N-oxide-forming] 1	FMO 1|FMO-1	Homo sapiens	-
FMO3	P31513	protein		any		CHEMBL3430864	Dimethylaniline monooxygenase [N-oxide-forming] 3	FMO 3	Homo sapiens	-
FMO5	P49326	protein		any		CHEMBL3430871	Flavin-containing monooxygenase 5	FMO 5	Homo sapiens	-
FMO5 	P49326	protein							Homo sapiens	
FPGS	Q05932	protein		no		CHEMBL3171	Folylpolyglutamate synthase, mitochondrial		Homo sapiens	-
fructose bisphosphate aldolase	-	group		substrate	ALDOA|ALDOB|ALDOC		Fructose-bisphosphate aldolase A/B/C		Homo sapiens	
FRX	-	error								
FXR	Q96RI1	protein		any		CHEMBL2047	Bile acid receptor		Homo sapiens	-
G6PD	P11413	protein		substrate		CHEMBL5347	Glucose-6-phosphate 1-dehydrogenase		Homo sapiens	-
GABA transporter	Q9H598	protein							Homo sapiens	
GABAB	-	group		no			Gamma-aminobutyric acid type B		Homo sapiens	
GABA-T	P80404	protein		no		CHEMBL2044	4-aminobutyrate aminotransferase, mitochondrial		Homo sapiens	-
GAD	-	group			Glutamate decarboxylase 1|Glutamate decarboxylase 2				Homo sapiens	
GAD1	Q99259	protein		substrate		CHEMBL2614	Glutamate decarboxylase 1		Homo sapiens	-
GAD2	Q05329	protein		substrate		CHEMBL2952	Glutamate decarboxylase 2		Homo sapiens	-
GAMT	Q14353	protein		substrate			Guanidinoacetate N-methyltransferase		Homo sapiens	-
ganglionic nicotinic receptor	-	group		no						
GAT-2	Q9NSD5	protein		substrate		CHEMBL4535	Sodium- and chloride-dependent GABA transporter 2		Homo sapiens	-
GAT3	P48066	protein		substrate		CHEMBL5208	Sodium- and chloride-dependent GABA transporter 3		Homo sapiens	-
GC1	Q9H936	protein		any			Mitochondrial glutamate carrier 1		Homo sapiens	-
GC2	Q9H1K4	protein		any			Mitochondrial glutamate carrier 2		Homo sapiens	-
GDH1	P00367	protein							Homo sapiens	
GDH2	P49448	protein							Homo sapiens	
GGT	P19440	protein					Gamma-glutamyltranspeptidase	GGT1	Homo sapiens	
gfucuronosyl transferase	-	error			UGT					
GHB dehydrogenase	Q8IWW8	protein		substrate		CHEMBL4947	Hydroxyacid-oxoacid transhydrogenase, mitochondrial		Homo sapiens	-
GI Microflora	-	error								
GIRK	-	group		no						
GIRK channels	-	group		any	GIRK1|GIRK2|GIRK3|GIRK4		G protein-coupled inwardly-rectifying potassium channel		Homo sapiens	
glucocorticoid receptor	P04150	protein		no		CHEMBL2034	Glucocorticoid receptor		Homo sapiens	-
glucuronidases	P08236	synonym		substrate	Beta-glucuronidase				Homo sapiens	
GluN2C	Q14957	protein		no		CHEMBL4109	Glutamate receptor ionotropic, NMDA 2C		Homo sapiens	-
GluR1	P42261	protein		no		CHEMBL2009	Glutamate receptor 1		Homo sapiens	-
GlurR6	-	error								
GLUT1	P11166	protein		any		CHEMBL2535	Solute carrier family 2, facilitated glucose transporter member 1		Homo sapiens	-
GluT-1	-	synonym			GLUT1				Homo sapiens	
GLUT10	O95528	protein		any			Solute carrier family 2, facilitated glucose transporter member 10		Homo sapiens	-
GLUT12	Q8TD20	protein		any			Solute carrier family 2, facilitated glucose transporter member 12		Homo sapiens	-
GLUT1-4	-	group			GLUT1|GLUT2|GLUT3|GLUT4		Glucose transporter types 1-4		Homo sapiens	
GLUT2	P11168	protein		any		CHEMBL5873	Solute carrier family 2, facilitated glucose transporter member 2		Homo sapiens	-
GLUT3	P11169	protein		any		CHEMBL5215	Solute carrier family 2, facilitated glucose transporter member 3		Homo sapiens	-
GLUT4	P14672	protein		any		CHEMBL5874	Solute carrier family 2, facilitated glucose transporter member 4		Homo sapiens	-
GLUT5	P22732	protein		any		CHEMBL5875	Solute carrier family 2, facilitated glucose transporter member 5		Homo sapiens	-
GLUT6	Q9UGQ3	protein		any			Solute carrier family 2, facilitated glucose transporter member 6		Homo sapiens	-
GLUT8	Q9NY64	protein		any		CHEMBL4295964	Solute carrier family 2, facilitated glucose transporter member 8		Homo sapiens	-
GLUT9	Q9NRM0	protein		any		CHEMBL2052034	Solute carrier family 2, facilitated glucose transporter member 9		Homo sapiens	-
glutathione reductase	P00390	protein		any		CHEMBL2755	Glutathione reductase, mitochondrial		Homo sapiens	-
glyceraldehyde-3-phosphate dehydrogenase	O14556	protein		any			Glyceraldehyde-3-phosphate dehydrogenase, testis-specific		Homo sapiens	-
glycosyltransferase	-	group		substrate					Homo sapiens	
GlyT1	P48067	protein		no		CHEMBL2337	Sodium- and chloride-dependent glycine transporter 1		Homo sapiens	-
GLyT-1	P48067	protein							Homo sapiens	
GLYT1B	P28572	protein	get human ortholog						Rattus norvegicus	SLC6A9
GLYT2A	Q9Y345	protein		any		CHEMBL3060	Sodium- and chloride-dependent glycine transporter 2		Homo sapiens	-
GPx1	P07203	protein		substrate		CHEMBL2163186	Glutathione peroxidase 1		Homo sapiens	-
GRIN1/GRIN2A	-	group		no						
GRIN1/GRIN2B	-	group		no						
GSK3B	P49841	protein		no		CHEMBL262	Glycogen synthase kinase-3 beta		Homo sapiens	-
GST	-	synonym		any	Glutathione S-transferase					
GST-4	P28161	protein		any		CHEMBL4589	Glutathione S-transferase Mu 2		Homo sapiens	-
GSTA1	P08263	protein		any		CHEMBL3409	Glutathione S-transferase A1		Homo sapiens	-
GSTA1-1	-	synonym			GSTA1				Homo sapiens	
GSTA1-2	-	group			GSTA1|GSTA2		Glutathione S-transferase A1-2		Homo sapiens	
GSTA2-2	P09210	protein		any		CHEMBL2241	Glutathione S-transferase A2		Homo sapiens	-
GSTA3	Q16772	protein							Homo sapiens	
GSTA4	O15217	protein							Homo sapiens	
GSTK1	Q9Y2Q3	protein							Homo sapiens	
GSTM1-1	P09488	protein		any		CHEMBL2081	Glutathione S-transferase Mu 1		Homo sapiens	-
GSTO1	P78417	protein		any		CHEMBL3174	Glutathione S-transferase omega-1		Homo sapiens	-
GSTP1	P09211	protein		any		CHEMBL3902	Glutathione S-transferase P	GSTP	Homo sapiens	-
GSTP1-1	P09211	protein							Homo sapiens	
GSTs	-	group		any			Glutathione S-transferase		Homo sapiens	
GSTT1	P30711	protein		any		CHEMBL2141	Glutathione S-transferase theta-1		Homo sapiens	-
GSTT2	P0CG30	protein							Homo sapiens	
Guanidinoacetate kinase	-	group		no						
hAEG	Q86UE4	protein							Homo sapiens	
HAS	Q92839	protein		no			Hyaluronan synthase 1		Homo sapiens	-
hCav1.2-β2-α2δ	-	complex							Homo sapiens	
HCN2	Q9UL51	protein		any		CHEMBL1795172	Potassium/sodium hyperpolarization-activated cyclic nucleotide-gated channel 2		Homo sapiens	-
HCN4	Q9Y3Q4	protein		any		CHEMBL1250417	Potassium/sodium hyperpolarization-activated cyclic nucleotide-gated channel 4	hHCN4	Homo sapiens	-
HDAC8	Q9BY41	protein		no		CHEMBL3192	Histone deacetylase 8		Homo sapiens	-
hEAG1	O95259	protein		any			Potassium voltage-gated channel subfamily H member 1		Homo sapiens	-
Hepatic 5alpha-reductase	-	group		substrate	SRD5A1|SRD5A2	CHEMBL2363075	Steroid 5-alpha-reductase		Homo sapiens	
hepatic enzymes	-	group		any					Homo sapiens	
hepatic esterase	-	group		any	esterase				Homo sapiens	
Hepatocyte	-	error								
hERG	Q12809	protein		any		CHEMBL240	Potassium voltage-gated channel subfamily H member 2	Kv11.1|hERG1a/1b	Homo sapiens	-
hERG1a	Q12809	isoform		any		CHEMBL240	Potassium voltage-gated channel subfamily H member 2		Homo sapiens	-
hexokinase	-	group		no						
HGPRT	P00492	protein		substrate		CHEMBL2360	Hypoxanthine-guanine phosphoribosyltransferase		Homo sapiens	-
hHMGR	P04035	protein		substrate		CHEMBL402	3-hydroxy-3-methylglutaryl-coenzyme A reductase		Homo sapiens	-
histamine H1 receptor	P35367	protein		no		CHEMBL231	Histamine H1 receptor		Homo sapiens	-
histamine receptors	-	group		no						
histamine-activated cyclase	P25021	protein		no		CHEMBL1941	Histamine H2 receptor		Homo sapiens	-
hKir2.1	P63252	protein		any		CHEMBL1914276	Inward rectifier potassium channel 2	Kir2.1|KIR2.1	Homo sapiens	-
hKvLQT1/hminK	-	group		any					Homo sapiens	
HLM	-	error								
HMOX1	-	synonym			HO				Homo sapiens	
HMT	P50135	protein		no		CHEMBL2190	Histamine N-methyltransferase		Homo sapiens	-
HO	P09601	protein		no		CHEMBL2823	Heme oxygenase 1		Homo sapiens	-
hOCT1	P14859	protein		any		CHEMBL3509601	POU domain, class 2, transcription factor 1		Homo sapiens	-
hOCT3	Q01860	protein		any		CHEMBL3580526	POU domain, class 5, transcription factor 1		Homo sapiens	-
HPPD	P32754	protein		substrate		CHEMBL1861	4-hydroxyphenylpyruvate dioxygenase		Homo sapiens	-
hPXR (CYP3A4)	-	error								
HSD17B10	Q99714	protein							Homo sapiens	
HSP90	P08238	protein		no		CHEMBL4303	Heat shock protein HSP 90-beta		Homo sapiens	-
Human dopamine transporter		synonym			DAT				Homo sapiens	
Human erythrocytes	-	error								
Human hepatocytes	-	error								
Human liver microsomes	-	error								
Human liver microsomes (phosphatase?)	-	error								
human plasma	-	error								
hUT	Q9UKP6	protein					Urotensin-2 receptor		Homo sapiens	
hydrolases	-	group		any					Homo sapiens	
I(K1)	-	error					inward rectifier potassium current	IKr		
I(Ks)	-	error					slow delayed rectifier current			
ICa-L	-	error					L-type calcium current			
ICa-N	-	error					N-type calcium current			
IGT1A1	-	error								
ICa	-	error								
IKs	-	error					slow delayed rectifier current			
INa	-	error					cardiac sodium current			
INa-L	-	error					late Na+ current			
Inhibition of agonist-stimulated IP1 formation	-	error								
iNOS	P35228	protein		no		CHEMBL4481	Nitric oxide synthase, inducible		Homo sapiens	-
insulin receptor	P06213	protein		no		CHEMBL1981	Insulin receptor		Homo sapiens	-
Integrase	-	error								
Ion channels	-	error								
IRE1	O75460	protein		substrate		CHEMBL1163101	Serine/threonine-protein kinase/endoribonuclease IRE1	ERN1	Homo sapiens	-
JAK1	P23458	protein							Homo sapiens	
JAK2	O60674	protein							Homo sapiens	
JAK3	P52333	protein							Homo sapiens	
K(Ca) channel	-	synonym		any	Ca2+ activated K+ channel					
K+ ATP channels	-	group		any			ATP-sensitive potassium channel		Homo sapiens	
K+ channel	-	group		any			Potassium channel		Homo sapiens	
K+ channels	-	synonym		any	K+ channel					
K2P16.1	Q96T55	protein		any			Potassium channel subfamily K member 16		Homo sapiens	-
K2P3.1	O14649	protein		any		CHEMBL2321613	Potassium channel subfamily K member 3		Homo sapiens	-
KatG	-	error								
K-ATP currents	-	synonym			K+ ATP channels					
Kca1.1	Q12791	protein		any		CHEMBL4304	Calcium-activated potassium channel subunit alpha-1		Homo sapiens	-
KCND3/KChiP2	-	complex							Homo sapiens	
KCNE1	P15382	protein		any		CHEMBL4872	Potassium voltage-gated channel subfamily E member 1		Homo sapiens	-
KCNN2	Q9H2S1	protein		any		CHEMBL4469	Small conductance calcium-activated potassium channel protein 2		Homo sapiens	-
KCNN4	O15554	protein							Homo sapiens	
KCNQ	-	group		any			KCNQ channels		Homo sapiens	
KCNQ 	-	group			KCNQ1|KCNQ2|KCNQ3|KCNQ4| KCNQ5	CHEMBL2363063	KCNQ (Kv7) potassium channel		Homo sapiens	
KCNQ1/KCNE1	-	group		any					Homo sapiens	
KCNQ1/MinK	-	error								
KCNQ2	O43526	protein		any		CHEMBL2476	Potassium voltage-gated channel subfamily KQT member 2	Kv7.2	Homo sapiens	-
KCNQ2/Q3	-	group		any	KCNQ2|KCNQ3		Potassium voltage-gated channel subfamily KQT CNQ2/KCNQ3	Kv7.2/Kv7.3	Homo sapiens	
KCNQ3	O43525	protein		any		CHEMBL2684	Potassium voltage-gated channel subfamily KQT member 3		Homo sapiens	-
KCNQ4	P56696	protein		any		CHEMBL3576	Potassium voltage-gated channel subfamily KQT member 4	Kv7.4	Homo sapiens	-
KCNQ4/KCNQ5	-	group		any	KCNQ4|KCNQ5		Potassium voltage-gated channel subfamily KQT KCNQ3/KCNQ4		Homo sapiens	
KCNQ5	Q9NR82	protein		any		CHEMBL2925	Potassium voltage-gated channel subfamily KQT member 5	Kv7.5	Homo sapiens	-
KcsA	-	error								
Kir3.1	P48549	protein		any			G protein-activated inward rectifier potassium channel 1		Homo sapiens	-
Kir3.1/3.4	-	complex			KCNJ5|KCNJ3	CHEMBL3038488	Kir3.1/Kir3.4		Homo sapiens	
Kir3.4	P48544	protein		any			G protein-activated inward rectifier potassium channel 4		Homo sapiens	-
Kir4.1	P78508	protein		any		CHEMBL2146348	ATP-sensitive inward rectifier potassium channel 10		Homo sapiens	-
Kir6.1	Q15842	protein		any		CHEMBL4770	ATP-sensitive inward rectifier potassium channel 8		Homo sapiens	-
Kir6.2	Q14654	protein		any		CHEMBL1886	ATP-sensitive inward rectifier potassium channel 11		Homo sapiens	-
KIR7.1	O60928	protein		any		CHEMBL2146349	Inward rectifier potassium channel 13		Homo sapiens	-
k-opioid type receptors	-	group		no						
KOR	P41145	protein		no		CHEMBL237	Kappa-type opioid receptor		Homo sapiens	-
Kv channels	-	group		any		CHEMBL2362996	Voltage-gated potassium channel		Homo sapiens	
Kv1.1	Q09470	protein		any		CHEMBL2309	Potassium voltage-gated channel subfamily A member 1		Homo sapiens	-
Kv1.2	P16389	protein		any		CHEMBL2086	Potassium voltage-gated channel subfamily A member 2		Homo sapiens	-
Kv1.3	P22001	protein		any		CHEMBL4633	Potassium voltage-gated channel subfamily A member 3		Homo sapiens	-
Kv1.4	P22459	protein		any		CHEMBL4205	Potassium voltage-gated channel subfamily A member 4		Homo sapiens	-
Kv1.5	P22460	protein		any		CHEMBL4306	Potassium voltage-gated channel subfamily A member 5	hKv1.5	Homo sapiens	-
Kv1.7	Q96RP8	protein		any		CHEMBL2773	Potassium voltage-gated channel subfamily A member 7		Homo sapiens	-
Kv1.7/KCNE1	-	group		any					Homo sapiens	
Kv2.1	Q14721	protein		any		CHEMBL2363000	Potassium voltage-gated channel subfamily B member 1		Homo sapiens	-
Kv3.1	P48547	protein		any		CHEMBL5529	Potassium voltage-gated channel subfamily C member 1		Homo sapiens	-
Kv3.2	Q96PR1	protein		any		CHEMBL2363009	Potassium voltage-gated channel subfamily C member 2		Homo sapiens	-
Kv4.3	Q9UK17	protein		any		CHEMBL1964	Potassium voltage-gated channel subfamily D member 3	hKv4.3	Homo sapiens	-
Kv4.3/KChiP2.2	-	group		any					Homo sapiens	
Kv4.3/KChlP2.2	-	synonym		any	Kv4.3/KChiP2.2					
Kvl.5	P22460	protein							Homo sapiens	
KvLQT1	P51787	protein		any		CHEMBL1866	Potassium voltage-gated channel subfamily KQT member 1	KCNQ1|Kv7.1	Homo sapiens	-
KvLQTI/minK	-	synonym		any	hKvLQT1/hminK					
L- type Ca2+channels	-	group		any			L-type calcium channel		Homo sapiens	
L-asparaginase	-	error								
LAT	O43561	protein		no		CHEMBL5779	Linker for activation of T-cells family member 1		Homo sapiens	-
LAT1	Q01650	protein		any		CHEMBL4459	Large neutral amino acids transporter small subunit 1		Homo sapiens	-
Leishmania major transporter	-	group		no	LABCG1|LABCG2|LABCG3				Leishmania	
lipoxygenase enzyme	-	error								
liver	-	error								
liver enzymes	-	error								
liver microsome	-	error								
liver microsome esterases	-	group		any			hepatic esterase		Homo sapiens	
L-lactic acid-insensitive MCTs	-	group		any					Homo sapiens	
LOX-5	P09917	protein		substrate		CHEMBL215	Polyunsaturated fatty acid 5-lipoxygenase		Homo sapiens	-
LPH	P09848	protein		substrate		CHEMBL1075131	Lactase-phlorizin hydrolase		Homo sapiens	-
LPO	P22079	protein		substrate		CHEMBL5898	Lactoperoxidase		Homo sapiens	-
LRP1	Q07954	protein		no			Prolow-density lipoprotein receptor-related protein 1		Homo sapiens	-
L-type Ca channels	-	group		any	CACNA1S|CACNA1C|CACNA1D|CACNA1F	CHEMBL2095229	Voltage-gated L-type calcium channel		Homo sapiens	
L-type Ca2+	-	synonym		any	L-type Ca channels					
L-type Ca2+ channel	-	synonym		any	L-type Ca channels					
L-type Ca2+ channels	-	synonym		any	L-type Ca channels					
L-type calcium channel	-	synonym		any	L-type Ca channels					
M1R	P11229	protein		no		CHEMBL216	Muscarinic acetylcholine receptor M1		Homo sapiens	-
M2R	P08172	protein		no		CHEMBL211	Muscarinic acetylcholine receptor M2	M2 receptors	Homo sapiens	-
M3R	P20309	protein		no		CHEMBL245	Muscarinic acetylcholine receptor M3		Homo sapiens	-
M4R	P08173	protein		no		CHEMBL1821	Muscarinic acetylcholine receptor M4		Homo sapiens	-
M5R	P08912	protein		no		CHEMBL2035	Muscarinic acetylcholine receptor M5		Homo sapiens	-
MA0-A	P21397	protein							Homo sapiens	
mAChR	-	group		no						
MALT1	Q9UDY8	protein					Mucosa-associated lymphoid tissue lymphoma translocation protein 1	MLT	Homo sapiens	
MAO	-	group		any	MAOA|MAOB	CHEMBL2095205	Monoamine oxidase		Homo sapiens	
MAO enzymes	-	synonym		any	MAO					
MAO-1	-	error								
MAO-A	P21397	protein		no		CHEMBL1951	Amine oxidase [flavin-containing] A	MAOA	Homo sapiens	-
MAO-B	P27338	protein		no		CHEMBL2039	Amine oxidase [flavin-containing] B	MAOB	Homo sapiens	-
MAOs	-	synonym		any	MAO					
mAsic2a	Q925H0	protein					Acid-sensing ion channel 2		Mus musculus (Mouse)	ASIC2a 
MATE	-	group		any	MATE1|MATE2		Multidrug and toxin extrusion protein		Homo sapiens	
MATE 1/2-K	-	group			SLC47A1|SLC47A2		MATE 1/2-K		Homo sapiens	
MATE proteins	-	synonym		any	MATE					
MATE1	Q96FL8	protein		any	SLC47A1	CHEMBL1743126	Multidrug and toxin extrusion protein 1	hMATE1|MATE-1	Homo sapiens	-
MATE1K	Q96FL8	isoform		any		CHEMBL1743126	Multidrug and toxin extrusion protein 1		Homo sapiens	-
MATE2	Q86VL8	protein		any		CHEMBL1743127	Multidrug and toxin extrusion protein 2		Homo sapiens	-
MATE-2K	Q86VL8	isoform		any	SLC47A2	CHEMBL1743127	Multidrug and toxin extrusion protein 2	MATE2-k|hMATE2-K|hMATE2K|MATE2K	Homo sapiens	-
MATE3	-	error								
MATE4	-	error								
MATE5	-	error								
MATE6	-	error								
MATE7	-	error								
MATEs	-	synonym		any	MATE					
mBCRP	Q7TMS5	protein	get human ortholog			CHEMBL2073705	Broad substrate specificity ATP-binding cassette transporter ABCG2	Abcg2|Bcrp1|Abcp|mBCRP	Mus musculus	ABCG2
mBSEP	Q9QY30	protein		any		CHEMBL2073695	Bile salt export pump		Mus musculus	ABCB11
MC2R	Q01718	protein		no		CHEMBL1965	Adrenocorticotropic hormone receptor		Homo sapiens	-
MCT1	P53985	protein		substrate		CHEMBL4360	Monocarboxylate transporter 1		Homo sapiens	-
MCT12	Q6ZSM3	protein		substrate			Monocarboxylate transporter 12		Homo sapiens	-
MCT2	O60669	protein		substrate		CHEMBL2073704	Monocarboxylate transporter 2		Homo sapiens	-
MCT4	O15427	protein		any		CHEMBL2073663	Monocarboxylate transporter 4		Homo sapiens	-
MCT8	P36021	protein		substrate			Monocarboxylate transporter 8		Homo sapiens	-
mCYP1A1	P00184	protein		any		CHEMBL6171	Cytochrome P450 1A1		Mus musculus	CYP1A1
mCYP1A2	P00186	protein		any		CHEMBL1671611	Cytochrome P450 1A2		Mus musculus	CYP1A2
mCYP2A5	P20852	protein		any		CHEMBL4085	Cytochrome P450 2A5	CYP2A5	Mus musculus	CYP2A13|CYP2A6
mCYP2B1/2	-	error								
mCYP2B10	P12791	protein		any		CHEMBL1907983	Cytochrome P450 2B10	Cyp2b10	Mus musculus	CYP2B6
mCYP2E1	Q05421	protein		any			Cytochrome P450 2E1		Mus musculus	CYP2E1
mCYP3A1/2	-	error								
mCYP3A11	Q64459	protein				CHEMBL1907984	Cytochrome P450 3A11		Mus musculus	-
mCYP4A	-	group	get human ortholog	any	mCYP4A10|mCYP4A12a|mCYP4A12b|mCYP4A14|mCYP4A29|mCYP4A30b|mCYP4A31				Mus musculus	hCYP4A
mCYP4A1	-	error								
mCYP4A3	-	error								
mCYP4A10	O88833	protein					Cytochrome P450 4A10	Cyp4a-10	Mus musculus	
MDR	-	group		any					Homo sapiens	
Mdr1	-	error								
MDR1/P-gp	-	synonym			P-gp				Homo sapiens	
Mdr1a	P21447	protein		any		CHEMBL2573	ATP-dependent translocase ABCB1		Mus musculus	ABCB1
Mdr1a/b	-	group	get human ortholog	any	Abcb1b|Abcb1a		ATP-dependent translocase ABCB1		Mus musculus	-
Mdr2	P21440	protein		any			Phosphatidylcholine translocator ABCB4		Mus musculus	ABCB4
MDR3	P21439	protein		any		CHEMBL1743129	Phosphatidylcholine translocator ABCB4		Homo sapiens	-
MDRl	-	error								
MET Kinase	P08581	protein							Homo sapiens	
Metabolic Enzymes	-	error								
Mfs1	-	error								
MGST2	Q99735	protein		substrate		CHEMBL1743185	Microsomal glutathione S-transferase 2		Homo sapiens	-
Microsomal epoxide hydrolase	P07099	protein		substrate		CHEMBL1968	Epoxide hydrolase 1		Homo sapiens	-
microsomal glutathione S transferase	-	group		any	MGST1|MGST2|MGST3		Microsomal glutathione S-transferase		Homo sapiens	
mitochondrial ferrochelatase	P22830	protein		substrate		CHEMBL3879831	Ferrochelatase, mitochondrial		Homo sapiens	-
mKv1.3	P16390	protein	get human ortholog						Mus musculus	KCNA3
MLCK	Q15746	protein		no		CHEMBL2428	Myosin light chain kinase, smooth muscle		Homo sapiens	-
mMATE1	Q8K0H1	protein		any		CHEMBL3091264	Multidrug and toxin extrusion protein 1		Mus musculus	SLC47A1
mMATE-1	Q8K0H1	protein			Slc47a1		Multidrug and toxin extrusion protein 1	hMATE-1	Mus musculus (Mouse)	
MMP13	P45452	protein		no		CHEMBL280	Collagenase 3		Homo sapiens	-
mMRP2	Q8VI47	protein					ATP-binding cassette sub-family C member 2		Mus musculus	ABCC2
mNav1.5	Q9JJV9	protein	get human ortholog						Mus musculus	SCN5A
mNav1.7/1.8	-	group	get human ortholog		Q62205|Q6QIY3				Mus musculus	SCN9A|SCN10A
mNaV1.8	Q6QIY3	protein		any		CHEMBL5158	Sodium channel protein type 10 subunit alpha		Mus musculus	SCN10A
mNTCP	O08705	protein		any		CHEMBL2073713	Sodium/bile acid cotransporter		Mus musculus	SLC10A1
mOat1	Q8VC69	protein					Solute carrier family 22 member 6	Slc22a6	Mus musculus	hOAT1
mOat2	Q91WU2	protein	get human ortholog						Mus musculus	SLC22A7
mOAT3	O88909	protein		any		CHEMBL2073672	Solute carrier family 22 member 8	mOat3	Mus musculus	SLC22A8
mOATP1	Q9QXZ6	protein		any		CHEMBL2073696	Solute carrier organic anion transporter family member 1A1	Slco1a1|mOATP1A1|Oatp1a1	Mus musculus	SLCO1A2
mOATP1A4	Q9EP96	protein				CHEMBL2073700	Solute carrier organic anion transporter family member 1A4	Slco1a4|Oatp1a4|Oatp2|Slc21a5	Mus musculus	-
mOATP1B2	Q9JJL3	protein					Solute carrier organic anion transporter family member 1B2	Slco1b2|Oatp1b2|Slc21a10	Mus musculus	-
mOATP2B1	Q8BXB6	protein					Solute carrier organic anion transporter family member 2B1	Slco2b1|Oatp2b1|Slc21a9	Mus musculus	SLCO2B1
mOCT1	O08966	protein	get human ortholog						Mus musculus	SLC22A1
mOCT2	Q00196	protein	get human ortholog						Mus musculus	POU2F2
mOCT3	Q9WTW5	protein		any		CHEMBL2073684	Solute carrier family 22 member 3		Mus musculus	SLC22A3
monoamine oxidase	-	group			MAOA|MAOB	CHEMBL2095205	Monoamine oxidase		Homo sapiens	
Monoamine transporters	-	group							Homo sapiens	
monophosphate kinase	P30085	protein		no		CHEMBL5681	UMP-CMP kinase		Homo sapiens	-
MOR	P35372	protein		no		CHEMBL233	Mu-type opioid receptor		Homo sapiens	-
mP-gp	B5X0E4	protein		any			ATP-binding cassette sub-family B member 5	P-gp (mouse)	Mus musculus	ABCB5
MRP	-	group		any					Homo sapiens	
MRP transporters	-	synonym		any	MRP					
MRP1	P33527	protein		any		CHEMBL3004	Multidrug resistance-associated protein 1	ABCC1|MRP-1	Homo sapiens	-
MRP1/4	-	group		any	ABCC1|ABCC4		Multidrug resistance-associated protein 1/4		Homo sapiens	
MRP2	Q92887	protein		any		CHEMBL5748	ATP-binding cassette sub-family C member 2	ABCC2|cMOAT	Homo sapiens	-
Mrp2 	-	error								
MRP2/4	-	group		any	ABCC2|ABCC4		Multidrug resistance-associated protein 2/4		Homo sapiens	
MRP3	O15438	protein		any		CHEMBL5918	ATP-binding cassette sub-family C member 3	ABCC3	Homo sapiens	-
MRP4	O15439	protein		any		CHEMBL1743128	ATP-binding cassette sub-family C member 4	ABCC4	Homo sapiens	-
Mrp4	E9Q236	protein		any			ATP-binding cassette sub-family C member 4		Mus musculus	ABCC4
MRP5	O15440	protein		any		CHEMBL2046258	Multidrug resistance-associated protein 5	ABCC5|MRP-5	Homo sapiens	-
MRP6	O95255	protein		any		CHEMBL2073661	ATP-binding cassette sub-family C member 6		Homo sapiens	-
MRP7	Q5T3U5	protein				CHEMBL2073687	ATP-binding cassette sub-family C member 10	ABCC10|SIMRP7|Multidrug resistance-associated protein 7	Homo sapiens	
MRPs	-	synonym		any	MRP					
MscL	Q9JLI6	protein		any			Selenocysteine lyase		Mus musculus	SCLY
MTHFR	P42898	protein		no			Methylenetetrahydrofolate reductase		Homo sapiens	-
mTOR	P42345	protein							Homo sapiens	
Multiple CYP450	-	group							Homo sapiens	
murine P4503A	-	group	get human ortholog	any	mCYP3A11|mCYP3A13|mCYP3A16|mCYP3A25|mCYP3A41a|mCYP3A41B|mCYP3A44|mCYP3A57|mCYP3A59				Mus musculus	hCYP3A
muscarinic receptors	-	group		no						
myeloperoxidase	P05164	protein		substrate		CHEMBL2439	Myeloperoxidase	MPO	Homo sapiens	-
Na channels	-	group		any			Sodium channel		Homo sapiens	
Na+	-	error								
Na+ channel	-	synonym		any	Na channels					
Na+ channel (site2):	-	synonym		any	Na channels					
Na+ channels	-	synonym		any	Na channels					
Na+,K+-ATPase	P05023	protein		any		CHEMBL1807	Sodium/potassium-transporting ATPase subunit alpha-1		Homo sapiens	-
Na+/H+ exchangers	-	group		any			sodium–proton exchanger		Homo sapiens	
Na2+ channels	-	error								
Nac1.5	-	error								
N-acetyltransferase	-	group		any			N-acetyltransferase		Homo sapiens	
nAChR	-	group		no						
NaDC-1	Q13183	protein		any		CHEMBL3712851	Solute carrier family 13 member 2		Homo sapiens	-
NaDC-3	Q8WWT9	protein		any		CHEMBL3712947	Solute carrier family 13 member 3		Homo sapiens	-
NAG	A2RRP1	protein							Homo sapiens	
NALCN	Q8IZF0	protein		any			Sodium leak channel non-selective protein		Homo sapiens	-
NAMPT	P43490	protein							Homo sapiens	
NAT	-	group					Arylamine N-acetyltransferases		Homo sapiens	
NAT1	P18440	protein		substrate		CHEMBL5101	Arylamine N-acetyltransferase 1	NAT-1	Homo sapiens	-
NAT2	P11245	protein		substrate		CHEMBL2194	Arylamine N-acetyltransferase 2	NAT-2	Homo sapiens	-
NAT2 	-	synonym			NAT2				Homo sapiens	
Nav	-	group		any		CHEMBL3988641	voltage-gated sodium channel		Homo sapiens	
NaV	-	synonym		any	Nav					
Nav1.1	P35498	protein		any		CHEMBL1845	Sodium channel protein type 1 subunit alpha		Homo sapiens	-
Nav1.2	Q99250	protein		any		CHEMBL4187	Sodium channel protein type 2 subunit alpha	NaV1.2	Homo sapiens	-
Nav1.3	Q9NY46	protein		any		CHEMBL5163	Sodium channel protein type 3 subunit alpha	NaC3	Homo sapiens	-
Nav1.4	P35499	protein		any		CHEMBL2072	Sodium channel protein type 4 subunit alpha		Homo sapiens	-
Nav1.5	Q14524	protein		any		CHEMBL1980	Sodium channel protein type 5 subunit alpha	NAV1.5|SCN5A|Sodium channel protein type V alpha subunit|hNav1.5|Na(v)1.5|NaV1.5	Homo sapiens	-
Nav1.6	Q9UQD0	protein		any		CHEMBL5202	Sodium channel protein type 8 subunit alpha		Homo sapiens	-
Nav1.7	Q15858	protein		any		CHEMBL4296	Sodium channel protein type 9 subunit alpha	NAV1.7|NaV1.7	Homo sapiens	-
Nav1.8	Q9Y5Y9	protein		any		CHEMBL5451	Sodium channel protein type 10 subunit alpha		Homo sapiens	-
Navl.5	Q14524	error							Homo sapiens	
NCC	P55017	protein		any		CHEMBL1876	Solute carrier family 12 member 3		Homo sapiens	-
NDUFS2	O75306	protein		substrate			NADH dehydrogenase [ubiquinone] iron-sulfur protein 2, mitochondrial		Homo sapiens	-
NDUFS3	O75489	protein		substrate			NADH dehydrogenase [ubiquinone] iron-sulfur protein 3, mitochondrial		Homo sapiens	-
NDUFS7	O75251	protein		substrate			NADH dehydrogenase [ubiquinone] iron-sulfur protein 7, mitochondrial		Homo sapiens	-
NepI/II	-	group		no	Q766C3|Q766C2		nepenthesins 1/2		Nepenthes gracilis (Slender pitcher plant)	
NET	P23975	protein		substrate		CHEMBL222	Sodium-dependent noradrenaline transporter	Norepinephrine transporter	Homo sapiens	-
NFE2L2	Q16236	protein							Homo sapiens	
N-glucosidation	-	error								
NHE1	P19634	protein							Homo sapiens	
NHE2	Q9UBY0	protein							Homo sapiens	
NHE3	P48764	protein							Homo sapiens	
NHMT	-	error					Histamine N-methyltransferase?			
nicotinic AcChR	P32297	protein		no		CHEMBL3068	Neuronal acetylcholine receptor subunit alpha-3		Homo sapiens	-
nicotinic single channels	-	group		no						
NKCC2	Q13621	protein		any		CHEMBL1874	Solute carrier family 12 member 1		Homo sapiens	-
NMDA Receptor	-	group		no						
NNMT	P40261	protein							Homo sapiens	
non-specific esterase	-	group		substrate	esterase				Homo sapiens	
NPC1	O15118	protein		any		CHEMBL1293277	NPC intracellular cholesterol transporter 1		Homo sapiens	-
NPC1L1	Q9UHC9	protein		any		CHEMBL2027	NPC1-like intracellular cholesterol transporter 1		Homo sapiens	-
NPC1L1 	Q9UHC9	protein							Homo sapiens	
NQO1	P15559	protein		substrate		CHEMBL3623	NAD(P)H dehydrogenase [quinone] 1		Homo sapiens	-
NT	-	error								
NTCP	Q14973	protein		any		CHEMBL5287	Sodium/bile acid cotransporter	SLC10A1	Homo sapiens	-
NTCP1	P26435	protein	get human ortholog						Rattus norvegicus	SLC10A1
NTP1	Q27895	protein		no					Toxoplasma gondii	
N-type Ca2+ channel	-	group		any			N-type calcium channel		Homo sapiens	
N-type Ca2+ channels	-	synonym		any	N-type Ca2+ channel					
nucleoside diphosphate kinase	-	group		substrate					Homo sapiens	
nucleotidases	-	group		substrate					Homo sapiens	
OAP1B1	Q9Y6L6	protein							Homo sapiens	
OAP1B3	Q9NPD5	protein							Homo sapiens	
OAPT1B1	Q9Y6L6	protein							Homo sapiens	
OAPT1B3	Q9NPD5	protein							Homo sapiens	
OAPTP1B3	Q9NPD5	protein							Homo sapiens	
OAT	-	group		any				OATs	Homo sapiens	
OAT transporters	-	synonym		any	OAT					
OAT1	Q4U2R8	protein		any	SLC22A6	CHEMBL1641347	Solute carrier family 22 member 6	hOAT1|SLC22A6	Homo sapiens	-
OAT1/3	-	group		any	SLC22A6|SLC22A8		Organic anion transporter 1/3		Homo sapiens	
OAT1/3/4	-	group		any	SLC22A6|SLC22A8|SLC22A11		Organic anion transporter 1/3/4		Homo sapiens	
OAT1[a]		synonym			OAT1					
OAT10	Q9Y226	protein							Homo sapiens	
OAT1B3	Q9NPD5	protein							Homo sapiens	
OAT2	Q9Y694	protein		any		CHEMBL1955711	Solute carrier family 22 member 7	hOAT2|NLT	Homo sapiens	-
OAT2A1	Q92959	protein							Homo sapiens	
OAT2B1	O94956	protein							Homo sapiens	
OAT3	Q8TCC7	protein		any		CHEMBL1641348	Solute carrier family 22 member 8	hOAT3	Homo sapiens	-
OAT3 	Q8TCC7	protein							Homo sapiens	
OAT3[a]		synonym			OAT3					
OAT4	Q9NSA0	protein		any		CHEMBL2073677	Solute carrier family 22 member 11	hOAT4	Homo sapiens	-
OAT7	Q8IVM8	protein		any		CHEMBL2073721	Solute carrier family 22 member 9		Homo sapiens	-
OATB1B3	Q9NPD5	protein							Homo sapiens	
OATB1P1	Q9Y6L6	protein							Homo sapiens	
OATP	-	group		any			organic-anion-transporting polypeptides, OATP	OATPs	Homo sapiens	
OATP transporters	-	synonym		any	OATP			OATPs		
OATP1	-	synonym		any	OATP1A2					
OATP1A	-	group							Homo sapiens	
Oatp1a1	-	error								
OATP1A2	P46721	protein		any		CHEMBL1743123	Solute carrier organic anion transporter family member 1A2		Homo sapiens	-
sOatp1a2	A0A5K1U410	protein					Solute carrier organic anion transporter family member		Sus scrofa	SLCO1A2
Oatp1a4	O35913	protein		any		CHEMBL1781860	Solute carrier organic anion transporter family member 1A4	OATP1A4	Rattus norvegicus	SLCO1A2
Oatp1a4 	-	error								
OATP1B	-	group							Homo sapiens	
OATP1B1	Q9Y6L6	protein		any		CHEMBL1697668	Solute carrier organic anion transporter family member 1B1	SLCO1B1|OATP-1B1|OATP2	Homo sapiens	-
OATP1B1*15	Q9Y6L6	variant		any		CHEMBL1697668	Solute carrier organic anion transporter family member 1B1		Homo sapiens	-
OATP1B1/3	-	group		any	OATP1B1| OATP1B3		Solute carrier organic anion transporter family member  1B		Homo sapiens	
OATP1B3	Q9NPD5	protein		any		CHEMBL1743121	Solute carrier organic anion transporter family member 1B3	OATP-1B3|OATP8	Homo sapiens	-
OATP1B3 	Q9NPD5	protein							Homo sapiens	
OATP1B3/OATP8	-	synonym		any	OATP1B1/3					
OATP1B3-1B7	-	group			SLCO1B3|SLCO1B7				Homo sapiens	
OATP1C1	Q9NYB5	protein		any		CHEMBL2073697	Solute carrier organic anion transporter family member 1C1		Homo sapiens	-
Oatp1c1	Q9EPZ7	protein					Solute carrier organic anion transporter family member 1C1	Slco1c1|Bsat1|Oatp4|Slc21a14	Rattus norvegicus	
OATP1D1	-	error								
OATP2A1	Q92959	protein		any		CHEMBL2073703	Solute carrier organic anion transporter family member 2A1		Homo sapiens	-
OATP2B1	O94956	protein		any		CHEMBL1743124	Solute carrier organic anion transporter family member 2B1	OATP-2B1|OATP-B	Homo sapiens	-
OATP3	Q9UIG8	protein		any		CHEMBL2073685	Solute carrier organic anion transporter family member 3A1		Homo sapiens	-
OATP4	-	error								
OATP4A1	Q96BD0	protein		any		CHEMBL2073679	Solute carrier organic anion transporter family member 4A1		Homo sapiens	-
OATP4C1	Q6ZQN7	protein							Homo sapiens	
OATP-C		synonym			OATP1B1					
OATP-D		synonym			OATP3				Homo sapiens	
OATPs	-	group							Homo sapiens	
OATs/MRPs	-	group		any					Homo sapiens	
OC2	-	error								
OCT	-	group		any					Homo sapiens	
OCT transporters	-	synonym		any	OCT					
OCT1	O15245	protein		any		CHEMBL5685	Solute carrier family 22 member 1		Homo sapiens	-
Oct1 	-	error								
OCT1/2	-	group		any	SLC22A1|SLC22A2		Organic cation transporter 1/2		Homo sapiens	
OCT2	O15244	protein		any		CHEMBL1743122	Solute carrier family 22 member 2	hOCT2|OCT2-A	Homo sapiens	-
OCT3	O75751	protein		any		CHEMBL2073673	Solute carrier family 22 member 3		Homo sapiens	-
OCT6	-	error								
OCTN1	Q9H015	protein		any		CHEMBL2073668	Solute carrier family 22 member 4		Homo sapiens	-
OCTN2	O76082	protein		any		CHEMBL2073693	Solute carrier family 22 member 5	hOCTN2	Homo sapiens	-
OCTN3	Q9WTN6	protein		any		CHEMBL2073715	Solute carrier family 22 member 21		Mus musculus	SLC22A5
OCTs	-	group							Homo sapiens	
OPRT	P11172	protein		substrate		CHEMBL5216	Uridine 5'-monophosphate synthase		Homo sapiens	-
ORAI1	Q96D31	protein					Calcium release-activated calcium channel protein 1	hORAI1	Homo sapiens	
Orai1	-	error								
OSTA	Q86UW1	protein		any		CHEMBL2073724	Organic solute transporter subunit alpha		Homo sapiens	-
OSTB	Q86UW2	protein		any			Organic solute transporter subunit beta		Homo sapiens	-
OSTα/β	-	group		any	SLC51A|SLC51B		Organic solute transporter subunit alpha/beta		Homo sapiens	
OX1	-	error								
OX2	-	error								
P/Q-type Ca2+ channels	-	group		any					Homo sapiens	
P14K	-	error								
P15101	P15101	protein	get human ortholog						Bos taurus	DBH
p16INK4a	P42771	protein		no			Cyclin-dependent kinase inhibitor 2A		Homo sapiens	-
P21448	P21448	protein	get human ortholog						Cricetulus griseus	ABCB1
P27922	P27922	protein	get human ortholog						Bos taurus	SLC6A3
P2X receptor	-	group		no						
P2X1	P51575	protein		no		CHEMBL2094	P2X purinoceptor 1		Homo sapiens	-
P2X2	Q9UBL9	protein		no		CHEMBL2531	P2X purinoceptor 2		Homo sapiens	-
P2X2/3		group			P2X2|P2X3		P2X purinoceptor 2 and P2X purinoceptor 3		Homo sapiens	
P2X3	P56373	protein					P2X purinoceptor 3		Homo sapiens	-
P2X4	F5CTF4	protein		no			Purinergic receptor P2X4		Homo sapiens	-
P2X7R	Q99572	protein		no		CHEMBL4805	P2X purinoceptor 7	P2X7	Homo sapiens	-
P2Y receptor	-	group		no						
P450	-	group		any					Homo sapiens	
P450 reductase	-	error								
P450R	-	synonym			P450 reductase				Homo sapiens	
P79365	P79365	protein	get human ortholog						Ovis aries	SLC2A1
P80457	P80457	protein	get human ortholog						Bos taurus	XDH
p97	-	error					protein p97|Valosin-containing protein			
PAM	P19021	protein		any		CHEMBL2544	Peptidyl-glycine alpha-amidating monooxygenase		Homo sapiens	-
Paraoxonase 1	-	synonym			PON1				Homo sapiens	
PARP1	P09874	protein							Homo sapiens	
PARP2	Q9UGN5	protein							Homo sapiens	
PAT1	Q7Z2H8	protein		any		CHEMBL1914279	Proton-coupled amino acid transporter 1		Homo sapiens	-
PAT2	Q495M3	protein		any			Proton-coupled amino acid transporter 2		Homo sapiens	-
PAT4	Q6YBV0	protein		any			Proton-coupled amino acid transporter 4		Homo sapiens	-
PCFT	Q96NT5	protein		any		CHEMBL1795188	Proton-coupled folate transporter		Homo sapiens	-
PCFT 	Q96NT5	protein							Homo sapiens	
PDE10	-	error								
PDE10A	Q9Y233	protein							Homo sapiens	
PDE10A1	Q9Y233	protein		no		CHEMBL4409	cAMP and cAMP-inhibited cGMP 3',5'-cyclic phosphodiesterase 10A		Homo sapiens	-
PDE11	-	error								
PDE2	-	error								
PDE3	-	error								
PDE3A	Q14432	protein							Homo sapiens	
PDE3B	Q13370	protein							Homo sapiens	
PDE4	-	group		no						
PDE5	O76074	protein		no		CHEMBL1827	cGMP-specific 3',5'-cyclic phosphodiesterase		Homo sapiens	-
PDE6	-	group			PDE6H|PDE6G|PDE6B|PDE6D|PDE6A|PDE6C	CHEMBL2097163			Homo sapiens	
PDE7	-	group			PDE7A|PDE7B	CHEMBL2111411			Homo sapiens	
PDE8	-	group			PDE8B|PDE8A	CHEMBL2363067			Homo sapiens	
PDE9	-	error								
PDK-1	O15530	protein							Homo sapiens	
penicillin acylase	-	group		any					Homo sapiens	
Penicillin V acylases	-	synonym		any	penicillin acylase					
penicillin-V amidase	-	synonym		any	penicillin acylase					
PEP2	-	error								
PEPT1	P46059	protein		any		CHEMBL4605	Solute carrier family 15 member 1	PepT1	Homo sapiens	-
PepT12	-	error								
PEPT2	Q16348	protein		any		CHEMBL1743125	Solute carrier family 15 member 2		Homo sapiens	-
peptidase	-	group		substrate					Homo sapiens	
peptidases	-	synonym		substrate	peptidase					
peroxidase	-	group		no						
peroxydisulfate	-	error								
PETNR	-	error					Pentaerythritol tetranitrate reductase?			
P-g	-	error								
PGDH	P52209	protein							Homo sapiens	
PGE2	Q9H7Z7	protein		substrate		CHEMBL4411	Prostaglandin E synthase 2		Homo sapiens	-
PGHS-1	P23219	protein							Homo sapiens	
PGHS-2	P35354	protein							Homo sapiens	
PGLS	O95336	protein		substrate			6-phosphogluconolactonase		Homo sapiens	-
P-gp	P08183	protein		any		CHEMBL4302	ATP-dependent translocase ABCB1	ABCB1|MDR1|Pgp	Homo sapiens	-
P‐gp	Q2M3G0	protein							Homo sapiens	
P-gp2	-	error					Mdr2			
phosphofructokinase-1	P08237	protein		no		CHEMBL3291	ATP-dependent 6-phosphofructokinase, muscle type		Homo sapiens	-
PHT2	Q8IY34	protein		any			Solute carrier family 15 member 3		Homo sapiens	-
PKC	-	group		no						
PKG	Q13976	protein		no		CHEMBL4273	cGMP-dependent protein kinase 1		Homo sapiens	-
PKL	P30613	protein			PKLR		Pyruvate kinase PKLR		Homo sapiens	
PKM1	P14618	isoform		no		CHEMBL1075189	Pyruvate kinase PKM		Homo sapiens	-
PKM2	P14618	isoform		no		CHEMBL1075189	Pyruvate kinase PKM		Homo sapiens	-
plasma cholinesterase	-	synonym			cholinesterase	CHEMBL2095233	Cholinesterases		Homo sapiens	
Plasma Esterase	-	group		any	esterase				Homo sapiens	
PLD	-	group							Homo sapiens	
PMAT	Q7RTT9	protein		any		CHEMBL3509593	Equilibrative nucleoside transporter 4	ENT4	Homo sapiens	-
PON	-	synonym			PON1				Homo sapiens	
PON1	P27169	protein		substrate		CHEMBL3167	Serum paraoxonase/arylesterase 1		Homo sapiens	-
Potassium-transporting ATPase	-	group			ATP4A|ATP4B	CHEMBL2095173			Homo sapiens	
prostaglandin synthetase	-	synonym			COX				Homo sapiens	
prostaglandins	-	error								
proton pump	-	group		no						
PTGS2	-	synonym			COX2					
PVAT	-	error					Perivascular adipose tissue?			
PXP	-	error								
PXR	O75469	protein		any		CHEMBL3401	Nuclear receptor subfamily 1 group I member 2	Pregnane X receptor|pregnane X receptor	Homo sapiens	-
pyruvate kinase	P30613	protein		no		CHEMBL1075126	Pyruvate kinase PKLR		Homo sapiens	-
rAKR7A3	P38918	protein	get human ortholog						Rattus norvegicus	AKR7A3
RALBP1	Q15311	protein		no			RalA-binding protein 1		Homo sapiens	-
RANTES	P13501	protein		no		CHEMBL1275217	C-C motif chemokine 5		Homo sapiens	-
rASBT	Q62633	protein	get human ortholog						Rattus norvegicus	SLC10A2
rat alpha2delta Ca2+ channel	Q8CFG6	protein	get human ortholog						Rattus norvegicus	CACNA2D2
rat Ca+ channel L-type, dihydropyridine		group							Rattus norvegicus	
rat Ca2+ channel L-type, benzothiazepine		group							Rattus norvegicus	
rat Ca2+ channel N-type	-	group							Rattus norvegicus	
rat Ca2+ channels (N-type)	-	synonym			rat Ca2+ channel N-type					
rat Ca2+ release channel	-	group							Rattus norvegicus	
rat K+ channel (Ca2+-activated)	-	group							Rattus norvegicus	
rat K+ channel (voltage-dependent)	-	group							Rattus norvegicus	
rat K+ channels	-	synonym			rat K+ channel (voltage-dependent)					
rat K+ATP channel	-	group							Rattus norvegicus	
rat KATP channels	-	synonym			rat K+ATP channel					
rat L-type Ca2+ channels	-	group	get human ortholog		Cacna1c|Cacna1s|Cacna1d	CHEMBL2095177			Rattus norvegicus	human L-type Ca2+ channels
rat monoamine oxidase	-	group	get human ortholog		Maob|Maoa	CHEMBL2095196			Rattus norvegicus	monoamine oxidase
rat Na+ channel (site 1)	-	group							Rattus norvegicus	
rat Na+ channel (site 2)	-	group							Rattus norvegicus	
rat Na+ channel, site 2	-	synonym			rat Na+ channel (site 2)					
rat Saxitoxin-sensitive K+v channels	-	error								
rat SKCa channel	-	group	get human ortholog		Kcnn2|Kcnn1|Kcnn3	CHEMBL2096673			Rattus norvegicus	SK channels
rBCRP	Q80W57	protein		any		CHEMBL3509585	Broad substrate specificity ATP-binding cassette transporter ABCG2		Rattus norvegicus	ABCG2
rBKi channels	-	group	get human ortholog	any	Kcnma1|Kcnmb1|Kcnmb2|Kcnmb4| Kcnmb3		BK channels		Rattus norvegicus	hBKi channels
rCAT1	Q8R5I1	protein	get human ortholog				Cationic amino acid transporter-1 uORF		Rattus norvegicus	-
rCav1.2	P22002	protein	get human ortholog						Rattus norvegicus	CACNA1C
rCav1.2 (L-type)	P22002	protein	get human ortholog						Rattus norvegicus	CACNA1C
rCav2.1	P54282	protein	get human ortholog						Rattus norvegicus	CACNA1A
rCHT1	Q9JMD7	protein	get human ortholog						Rattus norvegicus	SLC5A7
rCl- channel	-	error					rat chloride channel			
rCYP	-	group	get human ortholog	any					Rattus norvegicus	CYP
rCYP17A1	P11715	protein	get human ortholog				Steroid 17-alpha-hydroxylase/17,20 lyase		Rattus norvegicus	CYP17A1
rCYP1A1	P00185	protein		any		CHEMBL2922	Cytochrome P450 1A1		Rattus norvegicus	CYP1A1
rCYP1A1/2	-	group	get human ortholog	any	rCYP1A1|rCYP1A2			rCYP1A	Rattus norvegicus	hCYP1A1/hCYP1A2
rCYP1A2	P04799	protein		any		CHEMBL1075125	Cytochrome P450 1A2		Rattus norvegicus	CYP1A2
rCYP1B1	Q64678	protein		any			Cytochrome P450 1B1		Rattus norvegicus	CYP1B1
rCYP24	Q09128	protein	get human ortholog						Rattus norvegicus	CYP24A1
rCYP2A2	P15149	protein	get human ortholog						Rattus norvegicus	-
rCYP2B	-	group	get human ortholog						Rattus norvegicus	-
rCYP2B1	P00176	protein		any		CHEMBL3335	Cytochrome P450 2B1	CYP2B1 	Rattus norvegicus	CYP2B6
rCYP2B1/2	-	group	get human ortholog	any	rCYP2B1|rCYP2B2			rCYP2B	Rattus norvegicus	-
rCYP2B2	P04167	protein		any			Cytochrome P450 2B2	CYP2B2	Rattus norvegicus	CYP2B6
rCYP2C	-	group	get human ortholog	any	rCYP2C6|rCYP2C7|rCYP2C11|rCYP2C12|rCYP2C13				Rattus norvegicus	CYP2C
rCYP2C11	P08683	protein		any		CHEMBL4971	Cytochrome P450 2C11	CYP2C11	Rattus norvegicus	CYP2C18
rCYP2C12	P11510	protein	get human ortholog						Rattus norvegicus	-
rCYP2C13	P20814	protein		any		CHEMBL3509596	Cytochrome P450 2C13, male-specific		Rattus norvegicus	CYP2C8
rCYP2C9	-	error								
rCYP2D	-	group	get human ortholog	any	rCYP2D1|rCYP2D2			CYP2D1/2	Rattus norvegicus	CYP2D
rCYP2D1	P10633	protein		any		CHEMBL2475	Cytochrome P450 2D1		Rattus norvegicus	CYP2D7|CYP2D6
rCYP2D1/2	-	group	get human ortholog		Cyp2d26|Cyp2d1		Cytochrome P450 2D1/2		Rattus norvegicus	-
rCYP2E1	P05182	protein		any		CHEMBL5978	Cytochrome P450 2E1	rCYP2E	Rattus norvegicus	CYP2E1
rCYP3A	-	group	get human ortholog	any	rCYP3A1|rCYP3A2|rCYP3A9|rCYP3A18				Rattus norvegicus	hCYP3A
rCYP3A1	P04800	protein		any		CHEMBL3323	Cytochrome P450 3A1	CYP3A1	Rattus norvegicus	CYP3A5
rCYP3A2	P05183	protein		any		CHEMBL3324	Cytochrome P450 3A2	CYP3A2	Rattus norvegicus	CYP3A5
rCYP3A23/3A1	P04800	protein	get human ortholog						Rattus norvegicus	-
rCYP3A4	-	error								
rCYP3A9	P51538	protein	get human ortholog						Rattus norvegicus	-
rCYP4A	-	group	get human ortholog	any	rCYP4A1|rCYP4A2|rCYP4A3|rCYP4A12				Rattus norvegicus	hCYP4A
rCYP4A1/2	-	group	get human ortholog	any	rCYP4A1|rCYP4A2			CYP4A1/2	Rattus norvegicus	-
rCYP4A2	P20816	protein		any			Cytochrome P450 4A2	CYP4A2	Rattus norvegicus	CYP4A11|CYP4A22
rCYP4A3	P20817	protein		any			Cytochrome P450 4A14	CYP4A3	Rattus norvegicus	CYP4A11|CYP4A22
rDAT	P23977	protein	get human ortholog						Rattus norvegicus	SLC6A3
rDDC	P14173	protein	get human ortholog						Rattus norvegicus	DDC
RDP	P16444	synonym			DPEP1				Homo sapiens	
REH	-	error							Homo sapiens	
RELK1	Q9R1T9	protein							Homo sapiens	
Renal transporters	-	group		any					Homo sapiens	
rEPHX1	P07687	protein	get human ortholog						Rattus norvegicus	EPHX1
retroviral reverse transcriptase	-	error								
rGLUT1	P11167	protein					Solute carrier family 2, facilitated glucose transporter member 1		Rattus norvegicus	SLC2A1
rGLUT2	P12336	protein		any		CHEMBL4295714	Solute carrier family 2, facilitated glucose transporter member 2		Rattus norvegicus	SLC2A2
rGLUT3	Q07647	protein					Solute carrier family 2, facilitated glucose transporter member 3		Rattus norvegicus	SLC2A3
rGLUT4	P19357	protein					Solute carrier family 2, facilitated glucose transporter member 4		Rattus norvegicus	SLC2A4
rGPx	-	group	get human ortholog						Rattus norvegicus	hGPX
rGSTA2	P04903	protein	get human ortholog				Glutathione S-transferase alpha-2	rGST Ya2	Rattus norvegicus	P09210
rGSTM1	P04905	protein	get human ortholog			CHEMBL2209	Glutathione S-transferase Mu 1	rGST Yb1	Rattus norvegicus	GSTM1
rGSTM2	P08010	protein	get human ortholog			CHEMBL2504	Glutathione S-transferase Mu 2	rGST Yb2	Rattus norvegicus	GSTM2
rHDC	P16453	protein	get human ortholog						Rattus norvegicus	HDC
rK+V channel	-	synonym			rat K+ channel (voltage-dependent)				Rattus norvegicus	
rKATP channels	-	synonym			rat K+ATP channel				Rattus norvegicus	
rKCa1.1	Q62976	protein	get human ortholog						Rattus norvegicus	KCNMA1
rKv channels	-	synonym			rat K+ channel (voltage-dependent)				Rattus norvegicus	
rKv2.1	P15387	protein	get human ortholog						Rattus norvegicus	KCNB1
rMATE1	Q5I0E9	protein					Multidrug and toxin extrusion protein 1	rMate1|Mate1		
rMdr1b	P43245	protein		any		CHEMBL1075229	ATP-dependent translocase ABCB1	rP-gp	Rattus norvegicus	ABCB1
rMRP2	Q63120	protein		any		CHEMBL2073676	ATP-binding cassette sub-family C member 2		Rattus norvegicus	ABCC2
rMRP3	O88563	protein	get human ortholog						Rattus norvegicus	ABCC3
rNa+ channel (site 1)	-	synonym			rat Na+ channel (site 1)				Rattus norvegicus	
rNa+ channel (site 2)	-	group	get human ortholog						Rattus norvegicus	hNa+ channel (site 2)
rNATs		group	get human ortholog						Rattus norvegicus	N-acetyltransferase
rNav1.2	P04775	protein		any		CHEMBL3399	Sodium channel protein type 2 subunit alpha		Rattus norvegicus	SCN2A
rNav1.3	P08104	protein	get human ortholog						Rattus norvegicus	SCN3A
rNav1.4	P15390	protein	get human ortholog						Rattus norvegicus	SCN4A
rNav1.5	P15389	protein	get human ortholog						Rattus norvegicus	SCN5A
rNaV1.7	O08562	protein		any		CHEMBL3312	Sodium channel protein type 9 subunit alpha	rNav1.7	Rattus norvegicus	SCN9A
rNaV1.8	Q62968	protein		any		CHEMBL4017	Sodium channel protein type 10 subunit alpha	rNav1.8	Rattus norvegicus	SCN10A
rNET	-	error								
rNMDA	-	error								
rNQO1	P05982	protein	get human ortholog						Rattus norvegicus	NQO1
rNTCP	P26435	protein		any		CHEMBL4847	Sodium/bile acid cotransporter		Rattus norvegicus	SLC10A1
rOAT1	O35956	protein		any		CHEMBL1777665	Solute carrier family 22 member 6		Rattus norvegicus	SLC22A6
rOAT2	Q5RLM2	protein	get human ortholog						Rattus norvegicus	SLC22A7
rOAT3	Q9R1U7	protein		any		CHEMBL2073666	Solute carrier family 22 member 8		Rattus norvegicus	SLC22A8
rOAT-K2	P70502	protein					Solute carrier organic anion transporter family member 1A3		Rattus norvegicus	-
rOatp	-	group	get human ortholog	any					Rattus norvegicus	hOatp
rOATP1	P46720	protein	get human ortholog						Rattus norvegicus	SLCO1A2?
rOATP1A1	P46720	protein		any		CHEMBL1781859	Solute carrier organic anion transporter family member 1A1	OATP1A1	Rattus norvegicus	SLCO1A2
rOATP1A2	-	error								
rOATP1B2	Q9QZX8	protein		any		CHEMBL1781861	Solute carrier organic anion transporter family member 1B2	Oatp1B2|OATP1B2	Rattus norvegicus	SLCO1B3
rOATs	-	group	get human ortholog						Rattus norvegicus	OAT
ROCK	-	group					Rho-associated protein kinases			
ROCK1	Q13464	protein				CHEMBL3231	Rho-associated protein kinase 1	hROCK1	Homo sapiens	-
ROCK2	O75116	protein					Rho-associated protein kinase 2		Homo sapiens	
Rock2	Q62868	protein				CHEMBL5490	Rho-associated protein kinase 2	rROCK2|rRock2	Rattus norvegicus	ROCK2
rOCNT1	Q9R141	protein	get human ortholog						Rattus norvegicus	-
rOCT1	Q63089	protein		any		CHEMBL2073670	Solute carrier family 22 member 1		Rattus norvegicus	SLC22A1
rOCT2	Q9R0W2	protein				CHEMBL1770032	Solute carrier family 22 member 2		Rattus norvegicus	SLC22A2
rOCTN1	Q9R141	protein	get human ortholog						Rattus norvegicus	SLC22A4
rOCTN2	O70594	protein	get human ortholog						Rattus norvegicus	SLC22A5
rOCTs	-	group	get human ortholog						Rattus norvegicus	hOCTs
rodent Voltage-gated Na(+) channels		group	get human ortholog						Rattus norvegicus	hNavs
ROMK/Kir1.1	P48048	protein		any			ATP-sensitive inward rectifier potassium channel 1		Homo sapiens	
rOST-alpha	-	error					organic solute transporter subunit alpha			
rPEPT1	P51574	protein	get human ortholog						Rattus norvegicus	SLC15A1
rPEPT2	Q63424	protein	get human ortholog				P29274		Rattus norvegicus	SLC15A2
rSERCA2	P11507	protein	get human ortholog						Rattus norvegicus	ATP2A2
rSERT	P31652	protein	get human ortholog						Rattus norvegicus	SLC6A4
rSK+Ca channel	-	group	get human ortholog		Kcnn2|Kcnn1|Kcnn3	CHEMBL2096673			Rattus norvegicus	hSK+Ca channel
rSKCa channels		synonym			rSK+Ca channel					
rSOD	-	group	get human ortholog	any	Sod1|Sod2| Sod3		Superoxide dismutase		Rattus norvegicus	hSOD
rUGT1A6	P08430	protein	get human ortholog						Rattus norvegicus	UGT1A6
rUGT2B1	P09875	protein	get human ortholog						Rattus norvegicus	-
R-type Ca2+ channels	-	group		any					Mus musculus	-
RyR1	P21817	protein		no		CHEMBL1846	Ryanodine receptor 1		Homo sapiens	-
S1P	Q14703	protein		no		CHEMBL5916	Membrane-bound transcription factor site-1 protease		Homo sapiens	-
SERT	P31645	protein		substrate		CHEMBL228	Sodium-dependent serotonin transporter	Serotonin transporter	Homo sapiens	-
serum esterases	-	group		any	esterase				Homo sapiens	
SET-2	-	error								
SGLT1	P13866	protein		any		CHEMBL4979	Sodium/glucose cotransporter 1		Homo sapiens	-
SGLT2	P31639	protein		no		CHEMBL3884	Sodium/glucose cotransporter 2		Homo sapiens	-
SI-glycine receptor	-	error					strychnine-insensitive glycine receptor			
SIRT2	Q8IXJ6	protein		no		CHEMBL4462	NAD-dependent protein deacetylase sirtuin-2		Homo sapiens	-
SK channel	Q92952	protein		any		CHEMBL2369	Small conductance calcium-activated potassium channel protein 1		Homo sapiens	-
SK channels	-	group		any	KCNN1|KCNN2|KCNN3|KCNN4		small conductance calcium-activated potassium channels		Homo sapiens	
SLC17A1	Q14916	protein		any		CHEMBL3769298	Sodium-dependent phosphate transport protein 1	NPT1	Homo sapiens	-
SLC19A1	P41440	protein		any		CHEMBL4833	Reduced folate transporter	IFC-1	Homo sapiens	-
SLC22A13 	Q9Y226	protein		any			Solute carrier family 22 member 13		Homo sapiens	-
SLC22A16	Q86VW1	protein		any		CHEMBL2073722	Solute carrier family 22 member 16		Homo sapiens	-
SLC5A5	Q92911	protein		any			Sodium/iodide cotransporter		Homo sapiens	-
SLC6A2	-	synonym			NET				Homo sapiens	
SLC6A3	-	synonym			DAT				Homo sapiens	
SLC7A10	Q9NS82	protein		any			Asc-type amino acid transporter 1		Homo sapiens	-
SLGT1	P13866	protein							Homo sapiens	
SLGT2	P31639	protein							Homo sapiens	
Slo2.1	Q6UVM3	protein		any			Potassium channel subfamily T member 2		Homo sapiens	-
SLUT1A3	P0DMM9	protein							Homo sapiens	
SLUT1E1	SULT1E1	protein							Homo sapiens	
SLUT2A1	Q06520	protein							Homo sapiens	
SMCT1	Q8N695	protein		any			Sodium-coupled monocarboxylate transporter 1		Homo sapiens	-
SMCT2	Q1EHB4	protein		any			Sodium-coupled monocarboxylate transporter 2		Homo sapiens	-
SMVT	Q9Y289	protein		any			Sodium-dependent multivitamin transporter		Homo sapiens	-
SNBT1	D2KX48	protein		any			Sodium-dependent nucleobase transporter		Rattus norvegicus	-
Sodium- and chloride-dependent taurine transporter	P31641	protein		any		CHEMBL5762	Sodium- and chloride-dependent taurine transporter		Homo sapiens	-
Sodium channel alpha subunits; brain (Types I, II, III)	-	group		any	SCN1A|SCN2A|SCN3A	CHEMBL2096682	Sodium channel alpha subunits; brain (Types I, II, III)		Homo sapiens	
Sodium/potassium-transporting ATPase	-	synonym			Na+,K+-ATPase				Homo sapiens	
Sphingosine kinases	-	group		no						
SQLE	Q14534	protein							Homo sapiens	
Squalene monooxygenase	Q14534	protein		substrate		CHEMBL3592	Squalene monooxygenase		Homo sapiens	-
SSAO	Q16853	protein		substrate		CHEMBL3437	Membrane primary amine oxidase	semicarbazide-sensitive amine oxidase	Homo sapiens	-
STAT3	P40763	protein		no		CHEMBL4026	Signal transducer and activator of transcription 3		Homo sapiens	-
STS	P08842	protein		any		CHEMBL3559	Steryl-sulfatase		Homo sapiens	-
sulfatases	-	group		any					Homo sapiens	
sulfotransferage	-	error								
sulfotransferases	-	group		any					Homo sapiens	
SULT1A1	P50225	protein		any		CHEMBL1743291	Sulfotransferase 1A1		Homo sapiens	-
mSULT1A1	P52840	protein					Sulfotransferase 1A1	Sult1a1|mSTp1|St1a1|Stp|Stp1	Mus musculus	SULT1A1
SULT1A1 	-	synonym			SULT1A1					
SULT1A1*1	P50225	variant		any		CHEMBL1743291	Sulfotransferase 1A1		Homo sapiens	-
SULT1A1*2	P50225	variant		any		CHEMBL1743291	Sulfotransferase 1A1		Homo sapiens	-
SULT1A1/2/3	-	group		any	SULT1A1|SULT1A2|SULT1A3		Sulfotransferase 1A1/1A2/1A3		Homo sapiens	
SULT1A2	P50226	protein		any		CHEMBL1743292	Sulfotransferase 1A2		Homo sapiens	-
SULT1A2*1	P50226	variant		any		CHEMBL1743292	Sulfotransferase 1A2		Homo sapiens	-
SULT1A3	P0DMM9	protein		any		CHEMBL1743293	Sulfotransferase 1A3		Homo sapiens	-
SULT1A3/4	SULT1A3	protein		any		CHEMBL1743293	Sulfotransferase 1A3/1A4		Homo sapiens	
SULT1B1	O43704	protein		any		CHEMBL1743294	Sulfotransferase family cytosolic 1B member 1		Homo sapiens	-
mSULT1B1	Q9QWG7	protein					Sulfotransferase 1B1		Mus musculus	SULT1B1
SULT1C2	O00338	protein							Homo sapiens	
SULT1C3	Q6IMI6	protein							Homo sapiens	
SULT1C4	O75897	protein		any		CHEMBL1743296	Sulfotransferase 1C4		Homo sapiens	-
SULT1E	-	error								
SULT1E1	P49888	protein		any		CHEMBL2346	Sulfotransferase 1E1		Homo sapiens	-
SULT2A1	Q06520	protein		any		CHEMBL2077	Sulfotransferase 2A1		Homo sapiens	-
SULT2B1	O00204	protein		any		CHEMBL1743297	Sulfotransferase 2B1		Homo sapiens	-
SULT4A1	Q9BR01	protein							Homo sapiens	
SULT6B1	Q6IMI4	protein							Homo sapiens	
SULTA1	-	error								
SULTs	-	synonym		any	sulfotransferases					
SUR1	Q09428	protein		any		CHEMBL2071	ATP-binding cassette sub-family C member 8		Homo sapiens	-
SUR2A	O60706	protein		any		CHEMBL1971	ATP-binding cassette sub-family C member 9		Homo sapiens	-
SVCT1	Q9UHI7	protein		any			Solute carrier family 23 member 1		Homo sapiens	-
SVCT2	Q9UGH3	protein		any		CHEMBL3271	Solute carrier family 23 member 2	SLC23A2	Homo sapiens	-
TARC	Q92583	protein		no		CHEMBL4295915	C-C motif chemokine 17		Homo sapiens	-
TASK-2	O95279	protein		any			Potassium channel subfamily K member 5		Homo sapiens	-
TAT1	Q96RN1	protein		any			Testis anion transporter 1		Homo sapiens	-
TCTP	P13693	protein							Homo sapiens	
TH	P07101	protein		substrate		CHEMBL1969	Tyrosine 3-monooxygenase		Homo sapiens	-
thioredoxin reductase	-	group		any	TXNRD1|TXNRD2|TXNRD3	CHEMBL2096978	Thioredoxin reductase		Homo sapiens	
THTR1	O60779	protein		any		CHEMBL3079	Thiamine transporter 1		Homo sapiens	-
THTR2	Q9BZV2	protein		any			Thiamine transporter 2		Homo sapiens	-
TK	-	error								
TK1	P04183	protein		no		CHEMBL2883	Thymidine kinase, cytosolic		Homo sapiens	-
TK2	O00142	protein		substrate		CHEMBL4580	Thymidine kinase 2, mitochondrial		Homo sapiens	-
TNKS1	O95271	protein							Homo sapiens	
TPMT	P51580	protein		substrate		CHEMBL2500	Thiopurine S-methyltransferase		Homo sapiens	-
TPO	P07202	protein		substrate		CHEMBL1839	Thyroid peroxidase		Homo sapiens	-
TRAIL	P50591	protein		no		CHEMBL5813	Tumor necrosis factor ligand superfamily member 10		Homo sapiens	-
Transporters	-	error								
TREK1	O95069	protein		any		CHEMBL2321615	Potassium channel subfamily K member 2	hTREK1|TREK-1	Homo sapiens	-
TREK-1/2	-	group		any	KCNK2|KCNK10		Potassium channel subfamily K member 2/10		Homo sapiens	
TRESK	Q7Z418	protein		any		CHEMBL2331042	Potassium channel subfamily K member 18		Homo sapiens	-
TRPM2	O94759	protein		no		CHEMBL1250402	Transient receptor potential cation channel subfamily M member 2		Homo sapiens	-
TRPM3	Q9HCF6	protein		no			Transient receptor potential cation channel subfamily M member 3		Homo sapiens	-
TRPM4	Q8TD43	protein		no		CHEMBL1628469	Transient receptor potential cation channel subfamily M member 4		Homo sapiens	-
TRPV1	Q8NER1	protein		no		CHEMBL4794	Transient receptor potential cation channel subfamily V member 1		Homo sapiens	-
TRPV2	Q9Y5S1	protein		no		CHEMBL5051	Transient receptor potential cation channel subfamily V member 2		Homo sapiens	-
TRPV3	Q8NET8	protein		no		CHEMBL5522	Transient receptor potential cation channel subfamily V member 3		Homo sapiens	-
TRPV4	Q9HBA0	protein		no		CHEMBL3119	Transient receptor potential cation channel subfamily V member 4		Homo sapiens	-
TS	P04818	protein							Homo sapiens	
T-type Ca2+ channels	-	group		any	CACNA1G|CACNA1H|CACNA1I	CHEMBL2362995	Voltage-gated T-type calcium channel		Homo sapiens	
Tx synthase	P24557	protein		substrate		CHEMBL1835	Thromboxane-A synthase	TxA synthase	Homo sapiens	-
Tyk2		error								
TYMP	P19971	protein					Thymidine phosphorylase	TP|TdRPase	Homo sapiens	
tyrosinase	P14679	protein		substrate		/CHEMBL1973	Tyrosinase		Homo sapiens	
UBT2B17	O75795	protein							Homo sapiens	
UCT1A1	P22309	protein							Homo sapiens	
UCT2B15	P54855	protein							Homo sapiens	
UDP	-	error								
UDP glucuronyltransferase	-	synonym			UDP					
UDPs	-	synonym			UDP					
UG2B7	P16662	protein							Homo sapiens	
UGT	-	group		any	UGT2B7|UGT2B17|UGT2B10|UGT2B15|UGT2B28|UGT2B4|UGT1A9|UGT1A10|UGT2A1|UGT1A4|UGT1A1|UGT1A7|UGT1A6|UGT1A8|UGT1A3|UGT1A5|UGT2A3|UGT2B11|UGT2A2	CHEMBL4523985	UDP-glucuronosyltransferases (UGTs)		Homo sapiens	
UGT enzymes	-	synonym		any	UGT					
mUGT1A1	Q63886	protein		any			UDP-glucuronosyltransferase 1A1	Ugt1a1|UGT1.1	Mus musculus	UGT1A1
mUGT1A6	Q64435	protein					UDP-glucuronosyltransferase 1-6	Ugt1a6|UGT1.6	Mus musculus	UGT1A6
UGT-13	-	error								
UGT1A	-	group		any					Homo sapiens	
UGT1A1	P22309	protein		any		CHEMBL1287617	UDP-glucuronosyltransferase 1A1	UDPGT	Homo sapiens	-
UGT1A1/6	-	group			UGT1A1|UGT1A6		UDP-glucuronosyltransferases 1A1/1A6		Homo sapiens	-
UGT1A1/3/8	-	group		any	UGT1A3|UGT1A1|UGT1A8		UDP-glucuronosyltransferases 1A1/1A3/1A8		Homo sapiens	
UGT1A10	Q9HAW8	protein		any		CHEMBL1743320	UDP-glucuronosyltransferase 1A10		Homo sapiens	-
UGT1A2	P70691	protein		any			UDP-glucuronosyltransferase 1-2		Mus musculus	UGT1A3|UGT1A5
UGT1A3	P35503	protein		any		CHEMBL3542435	UDP-glucuronosyltransferase 1A3		Homo sapiens	-
UGT1A3/9/10,2B7	-	group		any	UGT1A3|UGT1A9|UGT1A10|UGT2B7		UDP-glucuronosyltransferases 1A3/1A9/1A10/2B7		Homo sapiens	
UGT1A4	P22310	protein		any		CHEMBL3619	UDP-glucuronosyltransferase 1A4	UGT1.4	Homo sapiens	-
UGT1A5	P35504	protein		any			UDP-glucuronosyltransferase 1A5		Homo sapiens	-
UGT1A6	P19224	protein		any		CHEMBL1743316	UDP-glucuronosyltransferase 1-6		Homo sapiens	-
UGT1A6 	P19224	protein							Homo sapiens	
UGT1A6*1 (i1 + i2)	P19224	variant		any		CHEMBL1743316	UDP-glucuronosyltransferase 1-6		Homo sapiens	-
UGT1A6*1 (i1)	P19224	variant		any		CHEMBL1743316	UDP-glucuronosyltransferase 1-6		Homo sapiens	-
UGT1A6*2	P19224	variant		any		CHEMBL1743316	UDP-glucuronosyltransferase 1-6		Homo sapiens	-
UGT1A6*3	P19224	variant		any		CHEMBL1743316	UDP-glucuronosyltransferase 1-6		Homo sapiens	-
UGT1A6*4	P19224	variant		any		CHEMBL1743316	UDP-glucuronosyltransferase 1-6		Homo sapiens	-
UGT1A6*5	P19224	variant		any		CHEMBL1743316	UDP-glucuronosyltransferase 1-6		Homo sapiens	-
UGT1A7	Q9HAW7	protein		any		CHEMBL1743317	UDP-glucuronosyltransferase 1A7		Homo sapiens	-
UGT1A7/1A8	-	group			UGT1A7|UGT1A8				Homo sapiens	
UGT1A8	Q9HAW9	protein		any		CHEMBL1743318	UDP-glucuronosyltransferase 1A8		Homo sapiens	-
UGT1A9	O60656	protein		any		CHEMBL1743319	UDP-glucuronosyltransferase 1A9		Homo sapiens	-
UGT1B10	-	error								
UGT2A1	P0DTE4	protein		any		CHEMBL1743321	UDP-glucuronosyltransferase 2A1		Homo sapiens	-
UGT2A2	P0DTE5	protein		any			UDP-glucuronosyltransferase 2A2		Homo sapiens	-
UGT2A3	Q6UWM9	protein		any			UDP-glucuronosyltransferase 2A3		Homo sapiens	-
UGT2B	-	group		any					Homo sapiens	
UGT2B1	P09875	protein		any			UDP-glucuronosyltransferase 2B1		Rattus norvegicus	UGT2B7|UGT2B17|UGT2B28|UGT2B11|UGT2B4|UGT2B15|UGT2B10
UGT2B2	P08541	protein		any			UDP-glucuronosyltransferase 2B2		Rattus norvegicus	-
UGT2B10	P36537	protein		any		CHEMBL6160	UDP-glucuronosyltransferase 2B10		Homo sapiens	-
UGT2B11	O75310	protein		any			UDP-glucuronosyltransferase 2B11		Homo sapiens	-
UGT2B15	P54855	protein		any		CHEMBL6161	UDP-glucuronosyltransferase 2B15		Homo sapiens	-
UGT2B17	O75795	protein		any		CHEMBL4978	UDP-glucuronosyltransferase 2B17		Homo sapiens	-
UGT2B28	Q9BY64	protein		any		CHEMBL6189	UDP-glucuronosyltransferase 2B28		Homo sapiens	-
UGT2B3	P08542	protein		any			UDP-glucuronosyltransferase 2B17		Rattus norvegicus	UGT2B15|UGT2B17
UGT2B4	P06133	protein		any		CHEMBL6196	UDP-glucuronosyltransferase 2B4	UGT2B11	Homo sapiens	-
UGT2B4 	P06133	protein							Homo sapiens	
UGT2B7	P16662	protein		any		CHEMBL4370	UDP-glucuronosyltransferase 2B7		Homo sapiens	-
UGT2B7H	P16662	protein							Homo sapiens	
UGT2B7Y	P16662	protein							Homo sapiens	
UGT2B9	O02663	protein		any		CHEMBL3763003	UDP-glucuronosyltransferase 2B9		Macaca fascicularis	-
UGT-HP4	-	error								
UGTIAB	-	error								
UK	-	error								
u-opioid type receptors	-	group		no						
UP	-	error								
URAT1	Q96S37	protein		any		CHEMBL6120	Solute carrier family 22 member 12		Homo sapiens	-
URAT-1	Q96S37	protein							Homo sapiens	
UTG2B15	P54855	protein							Homo sapiens	
VACHT	Q16572	protein		substrate		CHEMBL4767	Vesicular acetylcholine transporter		Homo sapiens	-
VEGFA	P15692	protein		no		CHEMBL1783	Vascular endothelial growth factor A		Homo sapiens	-
VGLUT1	Q9P2U7	protein		any			Vesicular glutamate transporter 1		Homo sapiens	-
VGLUT2	Q9P2U8	protein		any			Vesicular glutamate transporter 2	DNPI	Homo sapiens	-
VGLUT3	Q8NDX2	protein		any			Vesicular glutamate transporter 3		Homo sapiens	-
VGSC	-	error								
VKORC1	Q9BQB6	protein		substrate		CHEMBL1930	Vitamin K epoxide reductase complex subunit 1		Homo sapiens	-
VMAT-1	P54219	protein		any		CHEMBL1838	Chromaffin granule amine transporter		Homo sapiens	-
VMAT2	Q05940	protein		substrate		CHEMBL1893	Synaptic vesicular amine transporter	VMAT-2	Homo sapiens	-
VMAT2 	Q05940	protein							Homo sapiens	
voltage-gated Na channels	-	synonym		any	Nav					
Voltage-gated sodium channel	-	synonym		any	Nav					
oABCG2	W5NV22	protein					ATP-binding cassette sub-family G member 2		Ovis aries	ABCG2
W5PFT2	W5PFT2	error	get human ortholog				Aa_trans domain-containing protein		Ovis aries	-
W5Q621	W5Q621	error	get human ortholog				MFS domain-containing protein		Ovis aries	-
W5QET6	W5QET6	error	get human ortholog				Monocarboxylate transporter 1		Ovis aries	-
XAG	P43005	protein					Excitatory amino acid transporter 3	xAG|EAAC1|EAAT3	Homo sapiens	-
XCT	Q9UPY5	protein		any		CHEMBL1075149	Cystine/glutamate transporter		Homo sapiens	-
XDH	P47989	protein		substrate		CHEMBL1929	Xanthine dehydrogenase/oxidase	XO	Homo sapiens	-
XDHA	P47989	protein							Homo sapiens	
CES1b		isoform			CES1		Carboxylesterase 1b		Homo sapiens	
CES1c		isoform			CES1		Carboxylesterase 1c		Homo sapiens	
CYP26B1	Q9NR63	protein				CHEMBL3713687	Cytochrome P450 26B1	RHFCA|CYP26A2|P450RAI2|P450RAI-2|Retinoic Acid-Metabolizing Cytochrome	Homo sapiens	CYP26A2
CYP4F2/3		group			CYP4F2|CYP4F3				Homo sapiens	
LXRA	Q13133	protein				CHEMBL2808	Oxysterols receptor LXR-alpha	LXR-alpha|NR1H3|Liver X receptor alpha|Nuclear receptor subfamily 1 group H member 3	Homo sapiens	
mMRP		group			mMRP1|mMRP2|mMRP3|mMRP4|mMRT5|mMRT6|mMRP7|mMRP9				Mus musculus	
mMRP1	O35379	protein				CHEMBL2532	Multidrug resistance-associated protein 1	Abcc1|Abcc1a|Abcc1b|Mdrap|Mrp	Mus musculus	ABCC1
mMRP2	Q8VI47	protein				CHEMBL2073681	ATP-binding cassette sub-family C member 2	Abcc2	Mus musculus	ABCC2
mMRP3	B2RX12	protein				CHEMBL2073683	ATP-binding cassette sub-family C member 3	Abcc3|Cmoat2|Mrp3	Mus musculus	ABCC3
mMRP4	E9Q236	protein					ATP-binding cassette sub-family C member 4	Abcc4|Mrp4	Mus musculus	ABCC4
pCYP1A1		protein					Cytochrome P450 family 1 subfamily A member 1 [ Sus scrofa (pig) ]		Sus scrofa	CYP1A1
pCYP1A2		protein					Cytochrome P450 family 1 subfamily A member 2 [ Sus scrofa (pig) ]		Sus scrofa	CYP1A2
pCYP1A		group			pCYP1A1|pCYP1A2				Sus scrofa	
pCYP2A19		protein					Cytochrome P450 family 2 subfamily A member 19 [ Sus scrofa (pig) ]	pCYP2A|pCYP2A6	Sus scrofa	CYP2A13|CYP2A6|CYP2A7
pCYP2B		group			pCYP2B22				Sus scrofa	
pCYP2B22		protein					Cytochrome P450 family 2 subfamily B member 6B [ Sus scrofa (pig) ]	pCYP2B6B	Sus scrofa	CYP2B6
pCYP2E1	P79383	protein					Cytochrome P450 2E1	pCYPIIE1|pCYP2E|Cytochrome P450-J|Cytochrome P450 family 2 subfamily E member 1 [ Sus scrofa (pig) ]	Sus scrofa	CYP2E1
pCYP3A		group			pCYP3A29				Sus scrofa	
pCYP3A29	P79401	protein					Cytochrome P450 3A29	pCYPIIIA29|Cytochrome P450 family 3 subfamily A member 29 [ Sus scrofa (pig) ]	Sus scrofa	CYP3A4|CYP3A5|CYP3A7|CYP3A43
rBSEP	O70127	protein				CHEMBL2073674	Bile salt export pump	Abcb11|Bsep|Spgp|ATP binding cassette subfamily B member 11 [ Rattus norvegicus (Norway rat) ]	Rattus norvegicus	BSEP
rCNT2	Q62773	protein				CHEMBL1287616	Sodium/nucleoside cotransporter 2	Slc28a2|Cnt2|Spnt|Solute carrier family 28 member 2 [ Rattus norvegicus (Norway rat) ]	Rattus norvegicus	CNT2
rCYP2D6		protein						debrisoquine 4-hydroxylase|Cyp2d3|Cyp2d4|rCYP2D3|rCYP2D4	Rattus norvegicus	CYP2D6|CYP2D7
rGST Ya		group			rGSTA1|rGSTA2			rGST-alpha	Rattus norvegicus	
rGST Yc		group			rGSTA3|rGSTA5			rGST-alpha	Rattus norvegicus	
rGST Yb		group			rGSTM1|rGSTM2|rGSTM7			rGST-mu	Rattus norvegicus	
rGST-alpha		synonym			rGST Ya|rGST Yc				Rattus norvegicus	
rGSTA1	P00502	protein				CHEMBL2390	Glutathione S-transferase alpha-1	rGST Ya1	Rattus norvegicus	GSTA3|GSTA5
rGSTA3	P04904	protein				CHEMBL4436	Glutathione S-transferase alpha-3	rGST Yc1	Rattus norvegicus	GSTA3|GSTA5
rGSTA5	P46418	protein					Glutathione S-transferase alpha-5	rGST Yc2	Rattus norvegicus	GSTA3|GSTA5
rGSTM7	P08009	protein					Glutathione S-transferase Mu 7	rGST Yb3|Gstm3	Rattus norvegicus	GSTM1|GSTM2|GSTM3|GSTM5
rOATP1B1		protein							Rattus norvegicus	OATP1B1
rOATP1B1/3		group			rOATP1B1|rOATP1B3			rOATP	Rattus norvegicus	OATP1B1/3
rOATP2B1	Q9JHI3	protein				CHEMBL2073698	Solute carrier organic anion transporter family member 2B1	Slco2b1|Slc21a9|Moatp1|moat1	Rattus norvegicus	OATP2B1
rUGT		group			rUGT1A1|rUGT1A2|rUGT1A3|rUGT1A5|rUGT1A6|rUGT1A7|rUGT1A8|rUGT2A1|rUGT2B1|rUGT2B2|rUGT2B7|rUGT2B15|rUGT2B17|rUGT2B37				Rattus norvegicus	
rUGT1A1	Q64550	protein				CHEMBL4523339	UDP-glucuronosyltransferase 1A1	rUDPGT 1-1|Ugt1a1|Ugt1|rUGT1*1|UGT1.1	Rattus norvegicus	UGT1A1
SarDH	Q9UL12	protein					Sarcosine dehydrogenase, mitochondrial	SARDH|BPR-2|DMGDHL1|SAR|SDH	Homo sapiens	
UCK1	Q9HA47	protein				CHEMBL5682	Uridine-cytidine kinase 1	URK1	Homo sapiens	
UGT1A8/9		group			UGT1A8|UGT1A9				Homo sapiens	
UGT2B4/7		group			UGT2B4|UGT2B7				Homo sapiens	
UGT8	Q16880	protein					2-hydroxyacylsphingosine 1-beta-galactosyltransferase	CGT|UGT4|Cerebroside synthase|UDP-galactose-ceramide galactosyltransferase	Homo sapiens	
UMAT	Q9NP58	protein				CHEMBL2007630	ATP-binding cassette sub-family B member 6	ABCB6|MTABC3|PRP|ABC|LAN|PRP	Homo sapiens	
HINT1	TUU1WM80MU	protein				CHEMBL5878	HISTIDINE TRIAD NUCLEOTIDE-BINDING PROTEIN 1		Homo sapiens	
HIM		group					Human Intestinal Microsomes		Homo sapiens	
GLUT		group					Glucose Transporters		Homo sapiens	GLUT
Gluconokinase		group					Gluconokinase		Homo sapiens	
Kv4.2	Q9NZV8	protein				CHEMBL5885	Potassium voltage-gated channel subfamily D member 2	KCND2 | KIAA1044 | Voltage-gated potassium channel subunit Kv4.2	Homo sapiens	
rGST		group					Glutathione S-transferase		Rattus norvegicus	GST
mCYP1B1	Q64429	protein					Cytochrome P450 1B1	Cyp1b1	Mus musculus	CYP1B1
pCYP		group							Sus scrofa	CYP
primateCYP3A		group								CYP3A
primateCYP1A		group								CYP1A
primateCYP2E		group								CYP2E
Human Liver S9		group						Human liver S9 | Human Liver S9 Fractions	Homo sapiens	
CYP2C2	P00181	protein					Cytochrome P450 2C2	rabbitCYP2C2 | Laurate omega-1 hydroxylase | P450 2C2	Oryctolagus cuniculus	
CYP2CAA		protein						rabbitCYP2CAA | P450 2CAA	Oryctolagus cuniculus	
rCYP2J		group							Rattus norvegicus	
SULT2B1b	Q29YR5-1	protein			SULT2B1				Homo sapiens	
rCYP2/3		group			CYP2A1|CYP2B1|rCYP2B2|rCYP2B4|rCYP2C5|CYP2C6|rCYP3A2|rCYP3A4				Rattus norvegicus	
bCYP1A		group							Bos taurus	
dog P-gp	Q4PLA8	protein					ATP binding cassette subfamily B member 1 (dog)		Canis lupus familiaris	P-gp
rabbit CYP2J2		protein							Oryctolagus cuniculus	CYP2J2
rSULTs		group			rat sulfotransrases				Rattus norvegicus	SULTs|sulfotransrases
rabbit PEPT2	P46029	protein					Solute carrier family 15 member 2 (Rabbit)		Oryctolagus cuniculus	PEPT2
